Name:string,_ID,_VALUE,NameKey:loc,#Name:string,#Des:string,DesKey:loc,PrefabType:string,PrefabName:string,DamageType:string,PrefabScale:double,SteeringForce:decimal,MaxSteeringForce:decimal,Speed:decimal,AccSpeed:decimal,ChargeAcc:decimal,ChargeMaxSpeed:decimal,FormationSpaceX:decimal,FormationSpaceY:decimal,PerceptionRadius:decimal,ColliderRadius:decimal,IsRanged:bool,Projectile:id,AttackRadius:decimal,EffectAttack:id,EffectNormalAttack:id{},Animation:id,UISpriteBattleIcon:string,UISpritePose:string,UISpriteEnemyPose:string,SFX_Shout:id,SFX_Attack_Start:id,SFX_Attack_End:id,SFX_Dead:id,EffectEndDead:id,EffectStartDead:id,Height:decimal,AnimationPrefab:string,RunAnimationTime:decimal,CastSkillTick:int,CastSkillTotalTick:int,BuffEffectScale:decimal,BuffEffectOffset:decimal,BuffEffectHeight:decimal,PetBunus1Desc:loc,Weight:int,Rarity:id,UISpriteIconLargeName:string,PresenterDistance:double,PresenterOffsetY:double,PresenterOffsetX:double,PresenterAngle:double,PresenterDirection:double,NewPresenterDistance:double,NewPresenterOffsetY:double,NewPresenterOffsetX:double,NewPresenterAngle:double,NewPresenterDirection:double,IsShowInCatalog:bool,SelectedCircle:decimal,#DeadAniType:string,DeadFlyTime:decimal,DeadFlyV:decimal,DeadEffectTime:decimal,ProjectileHeight:decimal,DefaultBattleSkin:id,Position11:int{},Position21:int{},Position22:int{},Position31:int{},Position32:int{},Position33:int{},Position41:int{},Position42:int{},Position43:int{},Position44:int{}
RETINUE_DEVILING,RETINUE_DEVILING,1,LOC_RETINUE_NAMECN_RETINUE_DEVILING,53恶魔波利1,描述未完成，请在character.csv 表中添加描述,LOC_CHARACTERS_DESKEY_CHARA_3D_SAVAGE,unit3d,Pet/deviling_Pet,Magical,1,6,30,10,1.5,10,15,2.5,2.5,4.5,1.5,FALSE,,4.5,,,ANIMATION_RETINUE_DEVILING,ICON_MONSTER_DEVILING,CARD_MONSTER_DEVILING,,,,,,EFFECT_NEW_PET_DEAD,,5,,1,38,75,1,0,8,LOC_CHARACTERS_PET_BUNUS_HP_DESC,5,RARITY_TYPE_BLUE,CARD_MONSTER_DEVILING,16,-5.2,0,10,0,16,-5.2,0,10,0,TRUE,1,Bounce,0.95,0.5,0.95,2,SKINBATTLE_RETINUE_DEVILING,600#0#550,600#0#550,-600#0#-550,200#0#700,-900#0#-400,1000#0#-700,500#0#900,-800#0#0,1200#0#-200,-250#0#-1200
RETINUE_DEVIRUCHI,RETINUE_DEVIRUCHI,2,LOC_RETINUE_NAMECN_RETINUE_DEVIRUCHI,34小恶魔,描述未完成，请在character.csv 表中添加描述,LOC_CHARACTERS_DESKEY_CHARA_3D_SAVAGE,unit3d,Pet/Deviruchi_Pet,Physical,1,6,30,10,1.5,10,15,2.5,2.5,4.5,1.5,FALSE,,4.5,,,ANIMATION_RETINUE_DEVIRUCHI,ICON_MONSTER_DEVIRUCHI,CARD_MONSTER_DEVIRUCHI,,,,,,EFFECT_NEW_PET_DEAD,,5,,1,38,75,1,0,8,LOC_CHARACTERS_PET_BUNUS_HP_DESC,5,RARITY_TYPE_BLUE,CARD_MONSTER_DEVIRUCHI,16,-5.2,0,10,0,16,-5.2,0,10,0,TRUE,1,Bounce,0.95,0.5,0.95,2,SKINBATTLE_RETINUE_DEVIRUCHI,600#0#550,600#0#550,-600#0#-550,200#0#700,-900#0#-400,1000#0#-700,500#0#900,-800#0#0,1200#0#-200,-250#0#-1200
RETINUE_DARK_LORD,RETINUE_DARK_LORD,3,LOC_RETINUE_NAMECN_RETINUE_DARK_LORD,58黑暗之王,描述未完成，请在character.csv 表中添加描述,LOC_CHARACTERS_DESKEY_CHARA_3D_SAVAGE,unit3d,Pet/Dark_Lord_Pet,Magical,1,6,30,10,1.5,10,15,2.5,2.5,28,1.5,TRUE,PROJ_FIRE_BALL,28,,,ANIMATION_RETINUE_DARK_LORD,ICON_MONSTER_DARK_LORD,CARD_MONSTER_DARK_LORD,,,,,,EFFECT_NEW_PET_DEAD,,6,,1,38,75,1,0,8,LOC_CHARACTERS_PET_BUNUS_HP_DESC,5,RARITY_TYPE_BLUE,CARD_MONSTER_DARK_LORD,16,-6,0,10,0,16,-6,0,10,0,TRUE,1,Fallback,0.55,1.5,0.55,3,SKINBATTLE_RETINUE_DARK_LORD,600#0#550,600#0#550,-600#0#-550,200#0#700,-900#0#-400,1000#0#-700,500#0#900,-800#0#0,1200#0#-200,-250#0#-1200
RETINUE_DARK_ILLUSION,RETINUE_DARK_ILLUSION,4,LOC_RETINUE_NAMECN_RETINUE_DARK_ILLUSION,43迷幻之王,描述未完成，请在character.csv 表中添加描述,LOC_CHARACTERS_DESKEY_CHARA_3D_SAVAGE,unit3d,Pet/Dark_Illusion_Pet,Magical,1,6,30,10,1.5,10,15,2.5,2.5,28,1.5,TRUE,PROJ_FIRE_BALL,28,,,ANIMATION_RETINUE_DARK_ILLUSION,ICON_MONSTER_DARK_ILLUSION,CARD_MONSTER_DARK_ILLUSION,,,,,,EFFECT_NEW_PET_DEAD,,6,,1,38,75,1,0,8,LOC_CHARACTERS_PET_BUNUS_HP_DESC,5,RARITY_TYPE_BLUE,CARD_MONSTER_DARK_ILLUSION,16,-5.2,0,10,0,16,-5.2,0,10,0,TRUE,1,Fallback,0.55,1.5,0.55,4,SKINBATTLE_RETINUE_DARK_ILLUSION,600#0#550,600#0#550,-600#0#-550,200#0#700,-900#0#-400,1000#0#-700,500#0#900,-800#0#0,1200#0#-200,-250#0#-1200
RETINUE_BAPHOMET,RETINUE_BAPHOMET,5,LOC_RETINUE_NAMECN_RETINUE_BAPHOMET,59巴风特,描述未完成，请在character.csv 表中添加描述,LOC_CHARACTERS_DESKEY_CHARA_3D_SAVAGE,unit3d,Pet/Baphomet_S_Pet,Physical,1,6,30,10,1.5,10,15,2.5,2.5,5,1.5,FALSE,,5.2,,,ANIMATION_BAPHOMET_S,ICON_MONSTER_BAPHOMET,CARD_MONSTER_BAPHOMET,,,,,,EFFECT_NEW_PET_DEAD,,5,,1,38,75,1,0,8,LOC_CHARACTERS_PET_BUNUS_HP_DESC,5,RARITY_TYPE_BLUE,CARD_MONSTER_BAPHOMET,16,-5.2,0,10,0,16,-5.2,0,10,0,TRUE,1,Fallback,0.55,1.5,0.55,2,SKINBATTLE_RETINUE_BAPHOMET,600#0#550,600#0#550,-600#0#-550,200#0#700,-900#0#-400,1000#0#-700,500#0#900,-800#0#0,1200#0#-200,-250#0#-1200
RETINUE_OSIRIS,RETINUE_OSIRIS,6,LOC_RETINUE_NAMECN_RETINUE_OSIRIS,60俄塞里斯,描述未完成，请在character.csv 表中添加描述,LOC_CHARACTERS_DESKEY_CHARA_3D_SAVAGE,unit3d,Pet/Osiris_Pet,Physical,1,6,30,10,1.5,10,15,2.5,2.5,4.5,1.5,FALSE,,4.5,,,ANIMATION_RETINUE_OSIRIS,ICON_MONSTER_OSIRIS,CARD_MONSTER_OSIRIS,,,,,,EFFECT_NEW_PET_DEAD,,5,,1,38,75,1,0,8,LOC_CHARACTERS_PET_BUNUS_HP_DESC,5,RARITY_TYPE_BLUE,CARD_MONSTER_OSIRIS,16,-5.2,0,10,0,16,-5.2,0,10,0,TRUE,1,Fallback,0.55,1.5,0.55,2,SKINBATTLE_RETINUE_OSIRIS,600#0#550,600#0#550,-600#0#-550,200#0#700,-900#0#-400,1000#0#-700,500#0#900,-800#0#0,1200#0#-200,-250#0#-1200
RETINUE_ATROCE,RETINUE_ATROCE,7,LOC_RETINUE_NAMECN_RETINUE_ATROCE,44阿特罗斯,描述未完成，请在character.csv 表中添加描述,LOC_CHARACTERS_DESKEY_CHARA_3D_SAVAGE,unit3d,Pet/Atroce_Pet,Physical,1,6,30,10,1.5,10,15,2.5,2.5,4.5,1.5,FALSE,,4.5,,,ANIMATION_RETINUE_ATROCE,ICON_MONSTER_ATROCE,CARD_MONSTER_ATROCE,,,,,,EFFECT_NEW_PET_DEAD,,6,,1,38,75,1,0,8,LOC_CHARACTERS_PET_BUNUS_HP_DESC,5,RARITY_TYPE_BLUE,CARD_MONSTER_ATROCE,16,-5.2,0,10,0,16,-5.2,0,10,0,TRUE,1,Fallback,0.55,1.5,0.55,2,SKINBATTLE_RETINUE_ATROCE,600#0#550,600#0#550,-600#0#-550,200#0#700,-900#0#-400,1000#0#-700,500#0#900,-800#0#0,1200#0#-200,-250#0#-1200
RETINUE_DRAKE,RETINUE_DRAKE,8,LOC_RETINUE_NAMECN_RETINUE_DRAKE,63海盗之王,描述未完成，请在character.csv 表中添加描述,LOC_CHARACTERS_DESKEY_CHARA_3D_SAVAGE,unit3d,Pet/Drake_Pet,Physical,1,6,30,10,1.5,10,15,2.5,2.5,4.5,1.5,FALSE,,4.5,,,ANIMATION_RETINUE_DRAKE,ICON_MONSTER_DRAKE,CARD_MONSTER_DRAKE,,,,,,EFFECT_NEW_PET_DEAD,,5,,1,38,75,1,0,8,LOC_CHARACTERS_PET_BUNUS_HP_DESC,5,RARITY_TYPE_BLUE,CARD_MONSTER_DRAKE,16,-5.2,0,10,0,16,-5.2,0,10,0,TRUE,1,Fallback,0.55,1.5,0.55,2,SKINBATTLE_RETINUE_DRAKE,600#0#550,600#0#550,-600#0#-550,200#0#700,-900#0#-400,1000#0#-700,500#0#900,-800#0#0,1200#0#-200,-250#0#-1200
RETINUE_DOPPELGANGER,RETINUE_DOPPELGANGER,9,LOC_RETINUE_NAMECN_RETINUE_DOPPELGANGER,64死灵,描述未完成，请在character.csv 表中添加描述,LOC_CHARACTERS_DESKEY_CHARA_3D_SAVAGE,unit3d,Pet/Doppelganger_Pet,Physical,1,6,30,10,1.5,10,15,2.5,2.5,4.5,1.5,FALSE,,4.5,,,ANIMATION_RETINUE_DOPPELGANGER,ICON_MONSTER_DOPPELGANGER,CARD_MONSTER_DOPPELGANGER,,,,,,EFFECT_NEW_PET_DEAD,,5,,1,38,75,1,0,8,LOC_CHARACTERS_PET_BUNUS_HP_DESC,5,RARITY_TYPE_BLUE,CARD_MONSTER_DOPPELGANGER,16,-5.2,0,10,0,16,-5.2,0,10,0,TRUE,1,Fallback,0.55,1.5,0.55,2,SKINBATTLE_RETINUE_DOPPELGANGER,600#0#550,600#0#550,-600#0#-550,200#0#700,-900#0#-400,1000#0#-700,500#0#900,-800#0#0,1200#0#-200,-250#0#-1200
RETINUE_RAYDRIC,RETINUE_RAYDRIC,10,LOC_RETINUE_NAMECN_RETINUE_RAYDRIC,15幽灵剑士,描述未完成，请在character.csv 表中添加描述,LOC_CHARACTERS_DESKEY_CHARA_3D_SAVAGE,unit3d,Pet/Raydric_Pet,Physical,1,6,30,10,1.5,10,15,2.5,2.5,4.5,1.5,FALSE,,4.5,,,ANIMATION_RETINUE_RAYDRIC,ICON_MONSTER_RAYDRIC,CARD_MONSTER_RAYDRIC,,,,,,EFFECT_NEW_PET_DEAD,,5,,1,38,75,1,0,8,LOC_CHARACTERS_PET_BUNUS_HP_DESC,5,RARITY_TYPE_BLUE,CARD_MONSTER_RAYDRIC,16,-5.2,0,10,0,16,-5.2,0,10,0,TRUE,1,Getdown,0.95,0.5,0.95,2,SKINBATTLE_RETINUE_RAYDRIC,600#0#550,600#0#550,-600#0#-550,200#0#700,-900#0#-400,1000#0#-700,500#0#900,-800#0#0,1200#0#-200,-250#0#-1200
RETINUE_MAYA,RETINUE_MAYA,11,LOC_RETINUE_NAMECN_RETINUE_MAYA,71蚁后,描述未完成，请在character.csv 表中添加描述,LOC_CHARACTERS_DESKEY_CHARA_3D_SAVAGE,unit3d,Pet/Maya_Pet,Physical,1,6,30,10,1.5,10,15,2.5,2.5,4.5,1.5,FALSE,,4.5,,,ANIMATION_RETINUE_MAYA,ICON_MONSTER_MAYA,CARD_MONSTER_MAYA,,,,,,EFFECT_NEW_PET_DEAD,,4,,1,38,75,1,0,8,LOC_CHARACTERS_PET_BUNUS_HP_DESC,5,RARITY_TYPE_BLUE,CARD_MONSTER_MAYA,16,-5.2,0,10,0,16,-5.2,0,10,0,TRUE,1,Bounce,0.95,0.5,0.95,2,SKINBATTLE_RETINUE_MAYA,600#0#550,600#0#550,-600#0#-550,200#0#700,-900#0#-400,1000#0#-700,500#0#900,-800#0#0,1200#0#-200,-250#0#-1200
RETINUE_LEIB_OLMAI,RETINUE_LEIB_OLMAI,12,LOC_RETINUE_NAMECN_RETINUE_LEIB_OLMAI,45狂暴大脚熊,描述未完成，请在character.csv 表中添加描述,LOC_CHARACTERS_DESKEY_CHARA_3D_BIGFOOT,unit3d,Pet/bear_Pet,Physical,1,6,30,10,1.5,10,15,2.5,2.5,4.5,1.5,FALSE,,4.5,,,ANIMATION_RETINUE_LEIB_OLMAI,ICON_MONSTER_LEIB_OLMAI,CARD_MONSTER_LEIB_OLMAI,,,,,,EFFECT_NEW_PET_DEAD,,5,,1,38,75,1,0,8,LOC_CHARACTERS_PET_BUNUS_HP_DESC,5,RARITY_TYPE_ORANGE,CARD_MONSTER_LEIB_OLMAI,16,-5.2,0,10,0,16,-5.2,0,10,0,TRUE,1,Fallback,0.55,1.5,0.55,2,SKINBATTLE_RETINUE_LEIB_OLMAI,600#0#550,600#0#550,-600#0#-550,200#0#700,-900#0#-400,1000#0#-700,500#0#900,-800#0#0,1200#0#-200,-250#0#-1200
RETINUE_PETIT,RETINUE_PETIT,13,LOC_RETINUE_NAMECN_RETINUE_PETIT,22毕帝特地龙,描述未完成，请在character.csv 表中添加描述,LOC_CHARACTERS_DESKEY_CHARA_3D_SAVAGE,unit3d,Pet/Petit_Pet,Magical,1,6,30,10,1.5,10,15,2.5,2.5,28,1.5,TRUE,PROJ_GRANDEL_BULLET,28,,,ANIMATION_RETINUE_PETIT,ICON_MONSTER_PETIT,CARD_MONSTER_PETIT,,,,,,EFFECT_NEW_PET_DEAD,,5,,1,38,75,1,0,8,LOC_CHARACTERS_PET_BUNUS_HP_DESC,5,RARITY_TYPE_BLUE,CARD_MONSTER_PETIT,16,-5.2,0,10,0,16,-5.2,0,10,0,TRUE,1,Bounce,0.95,0.5,0.95,2,SKINBATTLE_RETINUE_PETIT,600#0#550,600#0#550,-600#0#-550,200#0#700,-900#0#-400,1000#0#-700,500#0#900,-800#0#0,1200#0#-200,-250#0#-1200
RETINUE_VAGABOND_WOLF,RETINUE_VAGABOND_WOLF,14,LOC_RETINUE_NAMECN_RETINUE_VAGABOND_WOLF,23流浪之狼,描述未完成，请在character.csv 表中添加描述,LOC_CHARACTERS_DESKEY_CHARA_3D_SAVAGE,unit3d,Pet/Vagabond_Wolf_Pet1,Physical,1,6,30,10,1.5,10,15,2.5,2.5,4.5,1.5,FALSE,,4.5,,,ANIMATION_RETINUE_VAGABOND_WOLF,ICON_MONSTER_VAGABOND_WOLF,CARD_MONSTER_VAGABOND_WOLF,,,,,,EFFECT_NEW_PET_DEAD,,5,,1,38,75,1,0,8,LOC_CHARACTERS_PET_BUNUS_HP_DESC,5,RARITY_TYPE_BLUE,CARD_MONSTER_VAGABOND_WOLF,16,-5.2,0,10,0,16,-5.2,0,10,0,TRUE,1,Getdown,0.95,0.3,0.95,2,SKINBATTLE_RETINUE_VAGABOND_WOLF,600#0#550,600#0#550,-600#0#-550,200#0#700,-900#0#-400,1000#0#-700,500#0#900,-800#0#0,1200#0#-200,-250#0#-1200
RETINUE_MUMMY,RETINUE_MUMMY,15,LOC_RETINUE_NAMECN_RETINUE_MUMMY,11木乃伊,描述未完成，请在character.csv 表中添加描述,LOC_CHARACTERS_DESKEY_CHARA_3D_SAVAGE,unit3d,Pet/Mummy_Pet,Physical,1,6,30,10,1.5,10,15,2.5,2.5,4.5,1.5,FALSE,,4.5,,,ANIMATION_RETINUE_MUMMY,ICON_MONSTER_MUMMY,CARD_MONSTER_MUMMY,,,,,,EFFECT_NEW_PET_DEAD,,5,,1,38,75,1,0,8,LOC_CHARACTERS_PET_BUNUS_HP_DESC,5,RARITY_TYPE_BLUE,CARD_MONSTER_MUMMY,16,-5.2,0,10,0,16,-5.2,0,10,0,TRUE,1,Fallback,0.55,1.5,0.55,2,SKINBATTLE_RETINUE_MUMMY,600#0#550,600#0#550,-600#0#-550,200#0#700,-900#0#-400,1000#0#-700,500#0#900,-800#0#0,1200#0#-200,-250#0#-1200
RETINUE_TURTLE_GENERAL,RETINUE_TURTLE_GENERAL,16,LOC_RETINUE_NAMECN_RETINUE_TURTLE_GENERAL,65乌龟将军,描述未完成，请在character.csv 表中添加描述,LOC_CHARACTERS_DESKEY_CHARA_3D_SAVAGE,unit3d,Pet/Turtle_Genera_Pet,Magical,1,6,30,10,1.5,10,15,2.5,2.5,28,1.5,TRUE,PROJ_OBEAUNE_BULLET,28,,,ANIMATION_RETINUE_TURTLE_GENERAL,ICON_MONSTER_TURTLE_GENERAL,CARD_MONSTER_TURTLE_GENERAL,,,,,,EFFECT_NEW_PET_DEAD,,5,,1,38,75,1,0,8,LOC_CHARACTERS_PET_BUNUS_HP_DESC,5,RARITY_TYPE_BLUE,CARD_MONSTER_TURTLE_GENERAL,16,-5.2,0,10,0,16,-5.2,0,10,0,TRUE,1,Fallback,0.55,1.5,0.55,2,SKINBATTLE_RETINUE_TURTLE_GENERAL,600#0#550,600#0#550,-600#0#-550,200#0#700,-900#0#-400,1000#0#-700,500#0#900,-800#0#0,1200#0#-200,-250#0#-1200
RETINUE_ORC_LORD,RETINUE_ORC_LORD,17,LOC_RETINUE_NAMECN_RETINUE_ORC_LORD,48兽人酋长,描述未完成，请在character.csv 表中添加描述,LOC_CHARACTERS_DESKEY_CHARA_3D_SAVAGE,unit3d,Pet/Orc_Lord_Pet,Physical,1,6,30,10,1.5,10,15,2.5,2.5,4.5,1.5,FALSE,,4.5,,,ANIMATION_RETINUE_ORC_LORD,ICON_MONSTER_ORC_LORD,CARD_MONSTER_ORC_LORD,,,,,,EFFECT_NEW_PET_DEAD,,5,,1,38,75,1,0,8,LOC_CHARACTERS_PET_BUNUS_HP_DESC,5,RARITY_TYPE_BLUE,CARD_MONSTER_ORC_LORD,16,-5.2,0,10,0,16,-5.2,0,10,0,TRUE,1,Bounce,0.95,0.5,0.95,2,SKINBATTLE_RETINUE_ORC_LORD,600#0#550,600#0#550,-600#0#-550,200#0#700,-900#0#-400,1000#0#-700,500#0#900,-800#0#0,1200#0#-200,-250#0#-1200
RETINUE_ORK_HERO,RETINUE_ORK_HERO,18,LOC_RETINUE_NAMECN_RETINUE_ORK_HERO,66兽人英雄,描述未完成，请在character.csv 表中添加描述,LOC_CHARACTERS_DESKEY_CHARA_3D_SAVAGE,unit3d,Pet/Orc_Hero_Pet,Physical,1,6,30,10,1.5,10,15,2.5,2.5,4.5,1.5,FALSE,,4.5,,,ANIMATION_RETINUE_ORK_HERO,ICON_MONSTER_ORC_HERO,CARD_MONSTER_ORC_HERO,,,,,,EFFECT_NEW_PET_DEAD,,5,,1,38,75,1,0,8,LOC_CHARACTERS_PET_BUNUS_HP_DESC,5,RARITY_TYPE_BLUE,CARD_MONSTER_ORC_HERO,16,-5.2,0,10,0,16,-5.2,0,10,0,TRUE,1,Fallback,0.55,1.5,0.55,2,SKINBATTLE_RETINUE_ORK_HERO,600#0#550,600#0#550,-600#0#-550,200#0#700,-900#0#-400,1000#0#-700,500#0#900,-800#0#0,1200#0#-200,-250#0#-1200
RETINUE_WANDER_MAN,RETINUE_WANDER_MAN,19,LOC_RETINUE_NAMECN_RETINUE_WANDER_MAN,49邪骸浪人,描述未完成，请在character.csv 表中添加描述,LOC_CHARACTERS_DESKEY_CHARA_3D_WANDER_MAN_S,unit3d,Pet/Wander_Man_Pet,Physical,1,6,30,10,1.5,10,15,2.5,2.5,4.5,1.5,FALSE,,4.5,,,ANIMATION_RETINUE_WANDER_MAN,ICON_MONSTER_WANDER_MAN,CARD_MONSTER_WANDER_MAN,,,,,,EFFECT_NEW_PET_DEAD,,5,,1,38,75,1,0,8,LOC_CHARACTERS_PET_BUNUS_ATK_DESC,5,RARITY_TYPE_ORANGE,CARD_MONSTER_WANDER_MAN,16,-5.2,0,10,0,16,-5.2,0,10,0,FALSE,1,Fallback,0.55,1.5,0.55,2,SKINBATTLE_RETINUE_WANDER_MAN,600#0#550,600#0#550,-600#0#-550,200#0#700,-900#0#-400,1000#0#-700,500#0#900,-800#0#0,1200#0#-200,-250#0#-1200
RETINUE_SEYREN,RETINUE_SEYREN,20,LOC_RETINUE_NAMECN_RETINUE_SEYREN,73骑士领主赛依连,描述未完成，请在character.csv 表中添加描述,LOC_CHARACTERS_DESKEY_CHARA_3D_SAVAGE,unit3d,Pet/Seyren_Pet,Physical,1,6,30,10,1.5,10,15,2.5,2.5,4.5,1.5,FALSE,,4.5,,,ANIMATION_RETINUE_SEYREN,ICON_MONSTER_SEYREN,CARD_MONSTER_SEYREN,,,,,,EFFECT_NEW_PET_DEAD,,5,,1,38,75,1,0,8,LOC_CHARACTERS_PET_BUNUS_HP_DESC,5,RARITY_TYPE_BLUE,CARD_MONSTER_SEYREN,16,-5.2,0,10,0,16,-5.2,0,10,0,TRUE,1,Fallback,0.55,1.5,0.55,2,SKINBATTLE_RETINUE_SEYREN,600#0#550,600#0#550,-600#0#-550,200#0#700,-900#0#-400,1000#0#-700,500#0#900,-800#0#0,1200#0#-200,-250#0#-1200
RETINUE_MISTRESS,RETINUE_MISTRESS,21,LOC_RETINUE_NAMECN_RETINUE_MISTRESS,72蜂后,描述未完成，请在character.csv 表中添加描述,LOC_CHARACTERS_DESKEY_CHARA_3D_MISTRESS_S,unit3d,Pet/Mistress_Pet,Magical,1,6,30,10,1.5,10,15,2.5,2.5,28,1.5,TRUE,PROJ_MISTRESS_BULLET2,28,,,ANIMATION_RETINUE_MISTRESS,ICON_MONSTER_MISTRESS,CARD_MONSTER_MISTRESS,,,,,,EFFECT_NEW_PET_DEAD,,5,,1,38,75,1,0,8,LOC_CHARACTERS_PET_BUNUS_DEF_DESC,5,RARITY_TYPE_ORANGE,CARD_MONSTER_MISTRESS,16,-5.2,0,10,0,16,-5.2,0,10,0,TRUE,1,Bounce,0.95,0.5,0.95,2,SKINBATTLE_RETINUE_MISTRESS,600#0#550,600#0#550,-600#0#-550,200#0#700,-900#0#-400,1000#0#-700,500#0#900,-800#0#0,1200#0#-200,-250#0#-1200
RETINUE_GHOSTRING,RETINUE_GHOSTRING,22,LOC_RETINUE_NAMECN_RETINUE_GHOSTRING,35幽灵波利,描述未完成，请在character.csv 表中添加描述,LOC_CHARACTERS_DESKEY_CHARA_3D_SAVAGE,unit3d,Pet/poring_ghost_Pet,Magical,1,6,30,10,1.5,10,15,2.5,2.5,4.5,1.5,FALSE,,4.5,,,ANIMATION_RETINUE_GHOSTRING,ICON_MONSTER_GHOSTRING,CARD_MONSTER_GHOSTRING,,,,,,EFFECT_NEW_PET_DEAD,,5,,1,38,75,1,0,8,LOC_CHARACTERS_PET_BUNUS_HP_DESC,5,RARITY_TYPE_BLUE,CARD_MONSTER_GHOSTRING,16,-5.2,0,10,0,16,-5.2,0,10,0,TRUE,1,Bounce,0.95,0.5,0.95,2,SKINBATTLE_RETINUE_GHOSTRING,600#0#550,600#0#550,-600#0#-550,200#0#700,-900#0#-400,1000#0#-700,500#0#900,-800#0#0,1200#0#-200,-250#0#-1200
RETINUE_MINI_DEMON,RETINUE_MINI_DEMON,23,LOC_RETINUE_NAMECN_RETINUE_MINI_DEMON,54狂暴小恶魔,描述未完成，请在character.csv 表中添加描述,LOC_CHARACTERS_DESKEY_CHARA_3D_SAVAGE,unit3d,Pet/Mini_Demon_Pet,Physical,1,6,30,10,1.5,10,15,2.5,2.5,4.5,1.5,FALSE,,4.5,,,ANIMATION_RETINUE_MINI_DEMON,ICON_MONSTER_MINI_DEMON,CARD_MONSTER_MINI_DEMON,,,,,,EFFECT_NEW_PET_DEAD,,5,,1,38,75,1,0,8,LOC_CHARACTERS_PET_BUNUS_HP_DESC,5,RARITY_TYPE_BLUE,CARD_MONSTER_MINI_DEMON,16,-5.2,0,10,0,16,-5.2,0,10,0,TRUE,1,Bounce,0.95,0.5,0.95,2,SKINBATTLE_RETINUE_MINI_DEMON,600#0#550,600#0#550,-600#0#-550,200#0#700,-900#0#-400,1000#0#-700,500#0#900,-800#0#0,1200#0#-200,-250#0#-1200
RETINUE_WHISPER_BOSS,RETINUE_WHISPER_BOSS,24,LOC_RETINUE_NAMECN_RETINUE_WHISPER_BOSS,36巨大白幽灵,描述未完成，请在character.csv 表中添加描述,LOC_CHARACTERS_DESKEY_CHARA_3D_SAVAGE,unit3d,Pet/Whisper_Boss_Pet,Physical,1,6,30,10,1.5,10,15,2.5,2.5,28,1.5,TRUE,PROJ_WHISPER_ATTACK_BULLET,28,,,ANIMATION_RETINUE_WHISPER_BOSS,ICON_MONSTER_WHISPER_BOSS,CARD_MONSTER_WHISPER_BOSS,,,,,,EFFECT_NEW_PET_DEAD,,5,,1,38,75,1,0,8,LOC_CHARACTERS_PET_BUNUS_HP_DESC,5,RARITY_TYPE_BLUE,CARD_MONSTER_WHISPER_BOSS,16,-5.2,0,10,0,16,-5.2,0,10,0,TRUE,1,Bounce,0.95,0.5,0.95,2,SKINBATTLE_RETINUE_WHISPER_BOSS,600#0#550,600#0#550,-600#0#-550,200#0#700,-900#0#-400,1000#0#-700,500#0#900,-800#0#0,1200#0#-200,-250#0#-1200
RETINUE_GOBLIN_1,RETINUE_GOBLIN_1,25,LOC_RETINUE_NAMECN_RETINUE_GOBLIN_1,17刺刀哥布林,描述未完成，请在character.csv 表中添加描述,LOC_CHARACTERS_DESKEY_CHARA_3D_SAVAGE,unit3d,Pet/Goblin_1_Pet,Physical,1,6,30,10,1.5,10,15,2.5,2.5,4.5,1.5,FALSE,,4.5,,,ANIMATION_RETINUE_GOBLIN_1,ICON_MONSTER_GOBLIN_1,CARD_MONSTER_GOBLIN_1,,,,,,EFFECT_NEW_PET_DEAD,,5,,1,38,75,1,0,8,LOC_CHARACTERS_PET_BUNUS_HP_DESC,5,RARITY_TYPE_BLUE,CARD_MONSTER_GOBLIN_1,16,-5.2,0,10,0,16,-5.2,0,10,0,TRUE,1,Bounce,0.95,0.5,0.95,2,SKINBATTLE_RETINUE_GOBLIN_1,600#0#550,600#0#550,-600#0#-550,200#0#700,-900#0#-400,1000#0#-700,500#0#900,-800#0#0,1200#0#-200,-250#0#-1200
RETINUE_SHECI,RETINUE_SHECI,26,LOC_RETINUE_NAMECN_RETINUE_SHECI,74神射手迪文,描述未完成，请在character.csv 表中添加描述,LOC_CHARACTERS_DESKEY_CHARA_3D_SAVAGE,unit3d,Pet/Sheci_Pet,Physical,1,6,30,10,1.5,10,15,2.5,2.5,28,1.5,TRUE,PROJ_ARROW_ATTLACK_3,28,,,ANIMATION_RETINUE_SHECI,ICON_MONSTER_SHECIL,CARD_MONSTER_SHECIL,,,,,,EFFECT_NEW_PET_DEAD,,5,,1,38,75,1,0,8,LOC_CHARACTERS_PET_BUNUS_HP_DESC,5,RARITY_TYPE_BLUE,CARD_MONSTER_SHECIL,16,-5.2,0,10,0,16,-5.2,0,10,0,TRUE,1,Fallback,0.55,1.5,0.55,2,SKINBATTLE_RETINUE_SHECI,600#0#550,600#0#550,-600#0#-550,200#0#700,-900#0#-400,1000#0#-700,500#0#900,-800#0#0,1200#0#-200,-250#0#-1200
RETINUE_GRYPHON,RETINUE_GRYPHON,27,LOC_RETINUE_NAMECN_RETINUE_GRYPHON,46狮鹫,描述未完成，请在character.csv 表中添加描述,LOC_CHARACTERS_DESKEY_CHARA_3D_GRYPHON_S,unit3d,Pet/gryphon_Pet,Magical,1,6,30,10,1.5,10,15,2.5,2.5,28,1.5,TRUE,PROJ_GRYPHON_ATTACK,28,,,ANIMATION_RETINUE_GRYPHON,ICON_MONSTER_GRYPHON,CARD_MONSTER_GRYPHON,,,,,,EFFECT_NEW_PET_DEAD,,5,,1,38,75,1,0,8,LOC_CHARACTERS_PET_BUNUS_DEF_DESC,5,RARITY_TYPE_ORANGE,CARD_MONSTER_GRYPHON,16,-5.2,0,10,0,16,-5.2,0,10,0,TRUE,1,Getdown,0.95,0.3,0.95,2,SKINBATTLE_RETINUE_GRYPHON,600#0#550,600#0#550,-600#0#-550,200#0#700,-900#0#-400,1000#0#-700,500#0#900,-800#0#0,1200#0#-200,-250#0#-1200
RETINUE_KOBOLD_LEADER,RETINUE_KOBOLD_LEADER,28,LOC_RETINUE_NAMECN_RETINUE_KOBOLD_LEADER,24犬妖首领,描述未完成，请在character.csv 表中添加描述,LOC_CHARACTERS_DESKEY_CHARA_3D_SAVAGE,unit3d,Pet/Kobold_Leader_Pet,Physical,1,6,30,10,1.5,10,15,2.5,2.5,4.5,1.5,FALSE,,4.5,,,ANIMATION_RETINUE_KOBOLD_LEADER,ICON_MONSTER_KOBOLD_LEADER,CARD_MONSTER_KOBOLD_LEADER,,,,,,EFFECT_NEW_PET_DEAD,,5,,1,38,75,1,0,8,LOC_CHARACTERS_PET_BUNUS_HP_DESC,5,RARITY_TYPE_BLUE,CARD_MONSTER_KOBOLD_LEADER,16,-5.2,0,10,0,16,-5.2,0,10,0,TRUE,1,Fallback,0.55,1.5,0.55,2,SKINBATTLE_RETINUE_KOBOLD_LEADER,600#0#550,600#0#550,-600#0#-550,200#0#700,-900#0#-400,1000#0#-700,500#0#900,-800#0#0,1200#0#-200,-250#0#-1200
RETINUE_BON_GUN,RETINUE_BON_GUN,29,LOC_RETINUE_NAMECN_RETINUE_BON_GUN,16妖道僵尸,描述未完成，请在character.csv 表中添加描述,LOC_CHARACTERS_DESKEY_CHARA_3D_SAVAGE,unit3d,Pet/Munak_Pet,Magical,1,6,30,10,1.5,10,15,2.5,2.5,28,1.5,TRUE,PROJ_FIRE_BALL,28,,,ANIMATION_RETINUE_BON_GUN,ICON_MONSTER_BON_GUN,CARD_MONSTER_BON_GUN,,,,,,EFFECT_NEW_PET_DEAD,,5,,1,38,75,1,0,8,LOC_CHARACTERS_PET_BUNUS_HP_DESC,5,RARITY_TYPE_BLUE,CARD_MONSTER_BON_GUN,16,-5.2,0,10,0,16,-5.2,0,10,0,TRUE,1,Fallback,0.55,1.5,0.55,2,SKINBATTLE_RETINUE_BON_GUN,600#0#550,600#0#550,-600#0#-550,200#0#700,-900#0#-400,1000#0#-700,500#0#900,-800#0#0,1200#0#-200,-250#0#-1200
RETINUE_GOBLIN_LEADER,RETINUE_GOBLIN_LEADER,30,LOC_RETINUE_NAMECN_RETINUE_GOBLIN_LEADER,27哥布林首领,描述未完成，请在character.csv 表中添加描述,LOC_CHARACTERS_DESKEY_CHARA_3D_SAVAGE,unit3d,Pet/Goblin_Leader_Pet,Physical,1,6,30,10,1.5,10,15,2.5,2.5,4.5,1.5,FALSE,,4.5,,,ANIMATION_RETINUE_GOBLIN_LEADER,ICON_MONSTER_GOBLIN_LEADER,CARD_MONSTER_GOBLIN_LEADER,,,,,,EFFECT_NEW_PET_DEAD,,5,,1,38,75,1,0,8,LOC_CHARACTERS_PET_BUNUS_HP_DESC,5,RARITY_TYPE_BLUE,CARD_MONSTER_GOBLIN_LEADER,16,-5.2,0,10,0,16,-5.2,0,10,0,TRUE,1,Fallback,0.55,1.5,0.55,2,SKINBATTLE_RETINUE_GOBLIN_LEADER,600#0#550,600#0#550,-600#0#-550,200#0#700,-900#0#-400,1000#0#-700,500#0#900,-800#0#0,1200#0#-200,-250#0#-1200
RETINUE_CAT_O_NINE_TAIL,RETINUE_CAT_O_NINE_TAIL,31,LOC_RETINUE_NAMECN_RETINUE_CAT_O_NINE_TAIL,25狂暴月夜猫,描述未完成，请在character.csv 表中添加描述,LOC_CHARACTERS_DESKEY_CHARA_3D_SAVAGE,unit3d,Pet/Cat_O_Nine_Tail_Pet,Magical,1,6,30,10,1.5,10,15,2.5,2.5,4.5,1.5,FALSE,,4.5,,,ANIMATION_RETINUE_CAT_O_NINE_TAIL,ICON_MONSTER_CAT_O_NINE_TAIL,CARD_MONSTER_CAT_O_NINE_TAIL,,,,,,EFFECT_NEW_PET_DEAD,,5,,1,38,75,1,0,8,LOC_CHARACTERS_PET_BUNUS_HP_DESC,5,RARITY_TYPE_BLUE,CARD_MONSTER_CAT_O_NINE_TAIL,16,-5.2,0,10,0,16,-5.2,0,10,0,TRUE,1,Fallback,0.55,1.5,0.55,2,SKINBATTLE_RETINUE_CAT_O_NINE_TAIL,600#0#550,600#0#550,-600#0#-550,200#0#700,-900#0#-400,1000#0#-700,500#0#900,-800#0#0,1200#0#-200,-250#0#-1200
RETINUE_GOLDEN_BUG,RETINUE_GOLDEN_BUG,32,LOC_RETINUE_NAMECN_RETINUE_GOLDEN_BUG,55黄金虫,描述未完成，请在character.csv 表中添加描述,LOC_CHARACTERS_DESKEY_CHARA_3D_SAVAGE,unit3d,Pet/Golden_Bug_Pet,Physical,1,6,30,10,1.5,10,15,2.5,2.5,4.5,1.5,FALSE,,4.5,,,ANIMATION_RETINUE_GOLDEN_BUG,ICON_MONSTER_GOLDEN_BUG,CARD_MONSTER_GOLDEN_BUG,,,,,,EFFECT_NEW_PET_DEAD,,5,,1,38,75,1,0,8,LOC_CHARACTERS_PET_BUNUS_HP_DESC,5,RARITY_TYPE_BLUE,CARD_MONSTER_GOLDEN_BUG,16,-5.2,0,10,0,16,-5.2,0,10,0,TRUE,1,Bounce,0.95,0.5,0.95,2,SKINBATTLE_RETINUE_GOLDEN_BUG,600#0#550,600#0#550,-600#0#-550,200#0#700,-900#0#-400,1000#0#-700,500#0#900,-800#0#0,1200#0#-200,-250#0#-1200
RETINUE_KOBOLD_ARCHER,RETINUE_KOBOLD_ARCHER,33,LOC_RETINUE_NAMECN_RETINUE_KOBOLD_ARCHER,18犬妖弓箭手,描述未完成，请在character.csv 表中添加描述,LOC_CHARACTERS_DESKEY_CHARA_3D_SAVAGE,unit3d,Pet/Kobold_Archer_Pet,Physical,1,6,30,10,1.5,10,15,2.5,2.5,28,1.5,TRUE,PROJ_ARROW_ATTLACK_3,28,,,ANIMATION_RETINUE_KOBOLD_ARCHER,ICON_MONSTER_KOBOLD_ARCHER,CARD_MONSTER_KOBOLD_ARCHER,,,,,,EFFECT_NEW_PET_DEAD,,5,,1,38,75,1,0,8,LOC_CHARACTERS_PET_BUNUS_HP_DESC,5,RARITY_TYPE_BLUE,CARD_MONSTER_KOBOLD_ARCHER,16,-5.2,0,10,0,16,-5.2,0,10,0,TRUE,1,Bounce,0.95,0.5,0.95,2,SKINBATTLE_RETINUE_KOBOLD_ARCHER,600#0#550,600#0#550,-600#0#-550,200#0#700,-900#0#-400,1000#0#-700,500#0#900,-800#0#0,1200#0#-200,-250#0#-1200
RETINUE_DELETER,RETINUE_DELETER,34,LOC_RETINUE_NAMECN_RETINUE_DELETER,56七彩地龙,描述未完成，请在character.csv 表中添加描述,LOC_CHARACTERS_DESKEY_CHARA_3D_SAVAGE,unit3d,Pet/Deleter_Pet,Magical,1,6,30,10,1.5,10,15,2.5,2.5,28,1.5,TRUE,PROJ_GRANDEL_BULLET,28,,,ANIMATION_RETINUE_DELETER,ICON_MONSTER_DELETER,CARD_MONSTER_DELETER,,,,,,EFFECT_NEW_PET_DEAD,,5,,1,38,75,1,0,8,LOC_CHARACTERS_PET_BUNUS_HP_DESC,5,RARITY_TYPE_BLUE,CARD_MONSTER_DELETER,16,-5.2,0,10,0,16,-5.2,0,10,0,TRUE,1,Bounce,0.95,0.5,0.95,2,SKINBATTLE_RETINUE_DELETER,600#0#550,600#0#550,-600#0#-550,200#0#700,-900#0#-400,1000#0#-700,500#0#900,-800#0#0,1200#0#-200,-250#0#-1200
RETINUE_EDDGA,RETINUE_EDDGA,35,LOC_RETINUE_NAMECN_RETINUE_EDDGA,61虎王,描述未完成，请在character.csv 表中添加描述,LOC_CHARACTERS_DESKEY_CHARA_3D_SAVAGE,unit3d,Pet/Eddga_Pet,Physical,1,6,30,10,1.5,10,15,2.5,2.5,4.5,1.5,FALSE,,4.5,,,ANIMATION_RETINUE_EDDGA,ICON_MONSTER_EDDGA,CARD_MONSTER_EDDGA,,,,,,EFFECT_NEW_PET_DEAD,,5,,1,38,75,1,0,8,LOC_CHARACTERS_PET_BUNUS_HP_DESC,5,RARITY_TYPE_BLUE,CARD_MONSTER_EDDGA,16,-5.2,0,10,0,16,-5.2,0,10,0,TRUE,1,Fallback,0.55,1.5,0.55,2,SKINBATTLE_RETINUE_EDDGA,600#0#550,600#0#550,-600#0#-550,200#0#700,-900#0#-400,1000#0#-700,500#0#900,-800#0#0,1200#0#-200,-250#0#-1200
RETINUE_NIGHTMARE_TERROR,RETINUE_NIGHTMARE_TERROR,36,LOC_RETINUE_NAMECN_RETINUE_NIGHTMARE_TERROR,47七彩梦魇,描述未完成，请在character.csv 表中添加描述,LOC_CHARACTERS_DESKEY_CHARA_3D_SAVAGE,unit3d,Pet/Nightmare_Terror_Pet,Magical,1,6,30,10,1.5,10,15,2.5,2.5,4.5,1.5,FALSE,,4.5,,,ANIMATION_RETINUE_NIGHTMARE_TERROR,ICON_MONSTER_NIGHTMARE_TERROR,CARD_MONSTER_NIGHTMARE_TERROR,,,,,,EFFECT_NEW_PET_DEAD,,5,,1,38,75,1,0,8,LOC_CHARACTERS_PET_BUNUS_HP_DESC,5,RARITY_TYPE_BLUE,CARD_MONSTER_NIGHTMARE_TERROR,16,-5.2,0,10,0,16,-5.2,0,10,0,TRUE,1,Getdown,1.5,0.3,1.5,2,SKINBATTLE_RETINUE_NIGHTMARE_TERROR,600#0#550,600#0#550,-600#0#-550,200#0#700,-900#0#-400,1000#0#-700,500#0#900,-800#0#0,1200#0#-200,-250#0#-1200
RETINUE_MINOROUS,RETINUE_MINOROUS,37,LOC_RETINUE_NAMECN_RETINUE_MINOROUS,26米洛斯,描述未完成，请在character.csv 表中添加描述,LOC_CHARACTERS_DESKEY_CHARA_3D_SAVAGE,unit3d,Pet/Minorous_Pet,Physical,1,6,30,10,1.5,10,15,2.5,2.5,4.5,1.5,FALSE,,4.5,,,ANIMATION_RETINUE_MINOROUS,ICON_MONSTER_MINOROUS,CARD_MONSTER_MINOROUS,,,,,,EFFECT_NEW_PET_DEAD,,5,,1,38,75,1,0,8,LOC_CHARACTERS_PET_BUNUS_HP_DESC,5,RARITY_TYPE_BLUE,CARD_MONSTER_MINOROUS,16,-5.2,0,10,0,16,-5.2,0,10,0,TRUE,1,Fallback,0.55,1.5,0.55,2,SKINBATTLE_RETINUE_MINOROUS,600#0#550,600#0#550,-600#0#-550,200#0#700,-900#0#-400,1000#0#-700,500#0#900,-800#0#0,1200#0#-200,-250#0#-1200
RETINUE_KOBOLD_3,RETINUE_KOBOLD_3,38,LOC_RETINUE_NAMECN_RETINUE_KOBOLD_3,12刺锤犬妖,描述未完成，请在character.csv 表中添加描述,LOC_CHARACTERS_DESKEY_CHARA_3D_SAVAGE,unit3d,Pet/Kobold_3_Pet,Physical,1,6,30,10,1.5,10,15,2.5,2.5,4.5,1.5,FALSE,,4.5,,,ANIMATION_RETINUE_KOBOLD_3,ICON_MONSTER_KOBOLD_3,CARD_MONSTER_KOBOLD_3,,,,,,EFFECT_NEW_PET_DEAD,,5,,1,38,75,1,0,8,LOC_CHARACTERS_PET_BUNUS_HP_DESC,5,RARITY_TYPE_BLUE,CARD_MONSTER_KOBOLD_3,16,-5.2,0,10,0,16,-5.2,0,10,0,TRUE,1,Bounce,0.95,0.5,0.95,2,SKINBATTLE_RETINUE_KOBOLD_3,600#0#550,600#0#550,-600#0#-550,200#0#700,-900#0#-400,1000#0#-700,500#0#900,-800#0#0,1200#0#-200,-250#0#-1200
RETINUE_MOONLIGHT,RETINUE_MOONLIGHT,39,LOC_RETINUE_NAMECN_RETINUE_MOONLIGHT,67月夜猫,描述未完成，请在character.csv 表中添加描述,LOC_CHARACTERS_DESKEY_CHARA_3D_SAVAGE,unit3d,Pet/Moonlight_Pet,Magical,1,6,30,10,1.5,10,15,2.5,2.5,4.5,1.5,FALSE,,4.5,,,ANIMATION_RETINUE_MOONLIGHT,ICON_MONSTER_MOONLIGHT,CARD_MONSTER_MOONLIGHT,,,,,,EFFECT_NEW_PET_DEAD,,5,,1,38,75,1,0,8,LOC_CHARACTERS_PET_BUNUS_HP_DESC,5,RARITY_TYPE_BLUE,CARD_MONSTER_MOONLIGHT,16,-5.2,0,10,0,16,-5.2,0,10,0,TRUE,1,Fallback,0.55,1.5,0.55,2,SKINBATTLE_RETINUE_MOONLIGHT,600#0#550,600#0#550,-600#0#-550,200#0#700,-900#0#-400,1000#0#-700,500#0#900,-800#0#0,1200#0#-200,-250#0#-1200
RETINUE_HIGH_ORC,RETINUE_HIGH_ORC,40,LOC_RETINUE_NAMECN_RETINUE_HIGH_ORC,28兽人战士长,描述未完成，请在character.csv 表中添加描述,LOC_CHARACTERS_DESKEY_CHARA_3D_ORK_WARRIOR,unit3d,Pet/High_Orc_Pet,Physical,1,6,30,10,1.5,10,15,2.5,2.5,4.5,1.5,FALSE,,4.5,,,ANIMATION_RETINUE_HIGH_ORC,ICON_MONSTER_HIGH_ORC,CARD_MONSTER_HIGH_ORC,,,,,,EFFECT_NEW_PET_DEAD,,5,,1,38,75,1,0,8,LOC_CHARACTERS_PET_BUNUS_DEF_DESC,5,RARITY_TYPE_PURPLE,CARD_MONSTER_HIGH_ORC,16,-5.2,0,10,0,16,-5.2,0,10,0,TRUE,1,Fallback,0.55,1.5,0.55,2,SKINBATTLE_RETINUE_HIGH_ORC,600#0#550,600#0#550,-600#0#-550,200#0#700,-900#0#-400,1000#0#-700,500#0#900,-800#0#0,1200#0#-200,-250#0#-1200
RETINUE_JAKK,RETINUE_JAKK,41,LOC_RETINUE_NAMECN_RETINUE_JAKK,29南瓜先生,描述未完成，请在character.csv 表中添加描述,LOC_CHARACTERS_DESKEY_CHARA_3D_JAKK_S,unit3d,Pet/Jakk_Pet,Magical,1,6,30,10,1.5,10,15,2.5,2.5,28,1.5,TRUE,PROJ_FIRE_BALL,28,,,ANIMATION_RETINUE_JAKK,ICON_MONSTER_JAKK,CARD_MONSTER_JAKK,,,,,,EFFECT_NEW_PET_DEAD,,5,,1,38,75,1,0,8,LOC_CHARACTERS_PET_BUNUS_HP_DESC,5,RARITY_TYPE_PURPLE,CARD_MONSTER_JAKK,16,-5.2,0,10,0,16,-5.2,0,10,0,TRUE,1,Fallback,0.55,1.5,0.55,2,SKINBATTLE_RETINUE_JAKK,600#0#550,600#0#550,-600#0#-550,200#0#700,-900#0#-400,1000#0#-700,500#0#900,-800#0#0,1200#0#-200,-250#0#-1200
RETINUE_G_RANDEL,RETINUE_G_RANDEL,42,LOC_RETINUE_NAMECN_RETINUE_G_RANDEL,76圣殿十字军兰达,描述未完成，请在character.csv 表中添加描述,LOC_CHARACTERS_DESKEY_CHARA_3D_SAVAGE,unit3d,Pet/G_Randel_H_Pet,Physical,1,6,30,10,1.5,10,15,2.5,2.5,4.5,1.5,FALSE,,4.5,,,ANIMATION_RETINUE_G_RANDEL,ICON_MONSTER_G_RANDEL,CARD_MONSTER_G_RANDEL,,,,,,EFFECT_NEW_PET_DEAD,,5,,1,38,75,1,0,8,LOC_CHARACTERS_PET_BUNUS_HP_DESC,5,RARITY_TYPE_BLUE,CARD_MONSTER_G_RANDEL,16,-5.2,0,10,0,16,-5.2,0,10,0,TRUE,1,Fallback,0.55,1.5,0.55,2,SKINBATTLE_RETINUE_G_RANDEL,600#0#550,600#0#550,-600#0#-550,200#0#700,-900#0#-400,1000#0#-700,500#0#900,-800#0#0,1200#0#-200,-250#0#-1200
RETINUE_MAGALETA,RETINUE_MAGALETA,43,LOC_RETINUE_NAMECN_RETINUE_MAGALETA,77神官玛嘉雷特,描述未完成，请在character.csv 表中添加描述,LOC_CHARACTERS_DESKEY_CHARA_3D_SAVAGE,unit3d,Pet/Magaleta_Pet,Magical,1,6,30,10,1.5,10,15,2.5,2.5,28,1.5,TRUE,PROJ_BULLET_LIGHT_KNIFE,28,,,ANIMATION_RETINUE_MAGALETA,ICON_MONSTER_MAGALETA,CARD_MONSTER_MAGALETA,,,,,,EFFECT_NEW_PET_DEAD,,5,,1,38,75,1,0,8,LOC_CHARACTERS_PET_BUNUS_HP_DESC,5,RARITY_TYPE_BLUE,CARD_MONSTER_MAGALETA,16,-5.2,0,10,0,16,-5.2,0,10,0,TRUE,1,Fallback,0.55,1.5,0.55,2,SKINBATTLE_RETINUE_MAGALETA,600#0#550,600#0#550,-600#0#-550,200#0#700,-900#0#-400,1000#0#-700,500#0#900,-800#0#0,1200#0#-200,-250#0#-1200
RETINUE_HELENA,RETINUE_HELENA,44,LOC_RETINUE_NAMECN_RETINUE_HELENA,40剑士（女）海伦娜,描述未完成，请在character.csv 表中添加描述,LOC_CHARACTERS_DESKEY_CHARA_3D_SAVAGE,unit3d,Pet/Helena_Pet,Physical,1,6,30,10,1.5,10,15,2.5,2.5,4.5,1.5,FALSE,,4.5,,,ANIMATION_RETINUE_HELENA,ICON_MONSTER_HELENA,CARD_MONSTER_HELENA,,,,,,EFFECT_NEW_PET_DEAD,,5,,1,38,75,1,0,8,LOC_CHARACTERS_PET_BUNUS_HP_DESC,5,RARITY_TYPE_BLUE,CARD_MONSTER_HELENA,16,-5.2,0,10,0,16,-5.2,0,10,0,TRUE,1,Fallback,0.55,1.5,0.55,2,SKINBATTLE_RETINUE_HELENA,600#0#550,600#0#550,-600#0#-550,200#0#700,-900#0#-400,1000#0#-700,500#0#900,-800#0#0,1200#0#-200,-250#0#-1200
RETINUE_DALEME,RETINUE_DALEME,45,LOC_RETINUE_NAMECN_RETINUE_DALEME,41服事黛儿蜜,描述未完成，请在character.csv 表中添加描述,LOC_CHARACTERS_DESKEY_CHARA_3D_SAVAGE,unit3d,Pet/Daleme_Pet,Magical,1,6,30,10,1.5,10,15,2.5,2.5,28,1.5,TRUE,PROJ_BULLET_LIGHT_KNIFE,28,,,ANIMATION_RETINUE_DALEME,ICON_MONSTER_DALEME,CARD_MONSTER_DALEME,,,,,,EFFECT_NEW_PET_DEAD,,5,,1,38,75,1,0,8,LOC_CHARACTERS_PET_BUNUS_HP_DESC,5,RARITY_TYPE_BLUE,CARD_MONSTER_DALEME,16,-5.2,0,10,0,16,-5.2,0,10,0,TRUE,1,Fallback,0.55,1.5,0.55,2,SKINBATTLE_RETINUE_DALEME,600#0#550,600#0#550,-600#0#-550,200#0#700,-900#0#-400,1000#0#-700,500#0#900,-800#0#0,1200#0#-200,-250#0#-1200
RETINUE_GIORGILI,RETINUE_GIORGILI,46,LOC_RETINUE_NAMECN_RETINUE_GIORGILI,42魔法师（女）乔吉莉,描述未完成，请在character.csv 表中添加描述,LOC_CHARACTERS_DESKEY_CHARA_3D_SAVAGE,unit3d,Pet/Giorgili_Pet,Magical,1,6,30,10,1.5,10,15,2.5,2.5,28,1.5,TRUE,PROJ_BULLET_LIGHT_KNIFE,28,,,ANIMATION_RETINUE_GIORGILI,ICON_MONSTER_GIORGILI,CARD_MONSTER_GIORGILI,,,,,,EFFECT_NEW_PET_DEAD,,5,,1,38,75,1,0,8,LOC_CHARACTERS_PET_BUNUS_HP_DESC,5,RARITY_TYPE_BLUE,CARD_MONSTER_GIORGILI,16,-5.2,0,10,0,16,-5.2,0,10,0,TRUE,1,Fallback,0.55,1.5,0.55,2,SKINBATTLE_RETINUE_GIORGILI,600#0#550,600#0#550,-600#0#-550,200#0#700,-900#0#-400,1000#0#-700,500#0#900,-800#0#0,1200#0#-200,-250#0#-1200
RETINUE_TYRRHENIA,RETINUE_TYRRHENIA,47,LOC_RETINUE_NAMECN_RETINUE_TYRRHENIA,21初心者（女）塞尼亚,描述未完成，请在character.csv 表中添加描述,LOC_CHARACTERS_DESKEY_CHARA_3D_SAVAGE,unit3d,Pet/Tyrrhenia_Pet,Magical,1,6,30,10,1.5,10,15,2.5,2.5,4.5,1.5,FALSE,,4.5,,,ANIMATION_RETINUE_TYRRHENIA,ICON_MONSTER_TYRRHENIA,CARD_MONSTER_TYRRHENIA,,,,,,EFFECT_NEW_PET_DEAD,,5,,1,38,75,1,0,8,LOC_CHARACTERS_PET_BUNUS_HP_DESC,5,RARITY_TYPE_BLUE,CARD_MONSTER_TYRRHENIA,16,-5.2,0,10,0,16,-5.2,0,10,0,TRUE,1,Fallback,0.55,1.5,0.55,2,SKINBATTLE_RETINUE_TYRRHENIA,600#0#550,600#0#550,-600#0#-550,200#0#700,-900#0#-400,1000#0#-700,500#0#900,-800#0#0,1200#0#-200,-250#0#-1200
RETINUE_G_RANDGRIS,RETINUE_G_RANDGRIS,48,LOC_RETINUE_NAMECN_RETINUE_G_RANDGRIS,69巴基力,描述未完成，请在character.csv 表中添加描述,LOC_CHARACTERS_DESKEY_CHARA_3D_G_RANDGRIS_S,unit3d,Pet/G_Randgris_Pet,Physical,1,6,30,10,1.5,10,15,2.5,2.5,4.5,1.5,FALSE,,4.5,,,ANIMATION_RETINUE_G_RANDGRIS,ICON_MONSTER_G_RANDGRIS,CARD_MONSTER_G_RANDGRIS,,,,,,EFFECT_NEW_PET_DEAD,,5,,1,38,75,1,0,8,LOC_CHARACTERS_PET_BUNUS_DEF_DESC,5,RARITY_TYPE_ORANGE,CARD_MONSTER_G_RANDGRIS,16,-5.2,0,10,0,16,-5.2,0,10,0,TRUE,1,Fallback,0.55,1.5,0.55,2,SKINBATTLE_RETINUE_G_RANDGRIS,600#0#550,600#0#550,-600#0#-550,200#0#700,-900#0#-400,1000#0#-700,500#0#900,-800#0#0,1200#0#-200,-250#0#-1200
RETINUE_TAO_GUNKA,RETINUE_TAO_GUNKA,49,LOC_RETINUE_NAMECN_RETINUE_TAO_GUNKA,70塔奥群卡,描述未完成，请在character.csv 表中添加描述,LOC_CHARACTERS_DESKEY_CHARA_3D_SAVAGE,unit3d,Pet/tree_Pet,Magical,1,6,30,10,1.5,10,15,2.5,2.5,28,1.5,TRUE,PROJ_BULLET_STONE,28,,,ANIMATION_RETINUE_TAO_GUNKA,ICON_MONSTER_TAO_GUNKA,CARD_MONSTER_TAO_GUNKA,,,,,,EFFECT_NEW_PET_DEAD,,5,,1,38,75,1,0,8,LOC_CHARACTERS_PET_BUNUS_HP_DESC,5,RARITY_TYPE_BLUE,CARD_MONSTER_TAO_GUNKA,16,-5.2,0,10,0,16,-5.2,0,10,0,TRUE,1,Bounce,0.95,0.5,0.95,2,SKINBATTLE_RETINUE_TAO_GUNKA,600#0#550,600#0#550,-600#0#-550,200#0#700,-900#0#-400,1000#0#-700,500#0#900,-800#0#0,1200#0#-200,-250#0#-1200
RETINUE_ANGELING,RETINUE_ANGELING,50,LOC_RETINUE_NAMECN_RETINUE_ANGELING,57天使波利,描述未完成，请在character.csv 表中添加描述,LOC_CHARACTERS_DESKEY_CHARA_3D_SAVAGE,unit3d,Pet/Angeling_Pet,Magical,1,6,30,10,1.5,10,15,2.5,2.5,4.5,1.5,FALSE,,4.5,,,ANIMATION_RETINUE_ANGELING,ICON_MONSTER_ANGELING,CARD_MONSTER_ANGELING,,,,,,EFFECT_NEW_PET_DEAD,,5,,1,38,75,1,0,8,LOC_CHARACTERS_PET_BUNUS_HP_DESC,5,RARITY_TYPE_BLUE,CARD_MONSTER_ANGELING,16,-5.2,0,10,0,16,-5.2,0,10,0,TRUE,1,Bounce,0.95,0.5,0.95,2,SKINBATTLE_RETINUE_ANGELING,600#0#550,600#0#550,-600#0#-550,200#0#700,-900#0#-400,1000#0#-700,500#0#900,-800#0#0,1200#0#-200,-250#0#-1200
RETINUE_NIGHTMARE,RETINUE_NIGHTMARE,51,LOC_RETINUE_NAMECN_RETINUE_NIGHTMARE,13梦魇,描述未完成，请在character.csv 表中添加描述,LOC_CHARACTERS_DESKEY_CHARA_3D_SAVAGE,unit3d,Pet/Nightmare_Pet,Magical,1,6,30,10,1.5,10,15,2.5,2.5,4.5,1.5,FALSE,,4.5,,,ANIMATION_RETINUE_NIGHTMARE,ICON_MONSTER_NIGHTMARE,CARD_MONSTER_NIGHTMARE,,,,,,EFFECT_NEW_PET_DEAD,,5,,1,38,75,1,0,8,LOC_CHARACTERS_PET_BUNUS_HP_DESC,5,RARITY_TYPE_BLUE,CARD_MONSTER_NIGHTMARE,16,-5.2,0,10,0,16,-5.2,0,10,0,TRUE,1,Getdown,1.5,0.3,1.5,2,SKINBATTLE_RETINUE_NIGHTMARE,600#0#550,600#0#550,-600#0#-550,200#0#700,-900#0#-400,1000#0#-700,500#0#900,-800#0#0,1200#0#-200,-250#0#-1200
RETINUE_ALICE,RETINUE_ALICE,52,LOC_RETINUE_NAMECN_RETINUE_ALICE,50爱丽丝女仆,描述未完成，请在character.csv 表中添加描述,LOC_CHARACTERS_DESKEY_CHARA_3D_SAVAGE,unit3d,Pet/Alice_Pet,Magical,1,6,30,10,1.5,10,15,2.5,2.5,4.5,1.5,FALSE,,4.5,,,ANIMATION_RETINUE_ALICE,ICON_MONSTER_ALICE,CARD_MONSTER_ALICE,,,,,,EFFECT_NEW_PET_DEAD,,5,,1,38,75,1,0,8,LOC_CHARACTERS_PET_BUNUS_HP_DESC,5,RARITY_TYPE_BLUE,CARD_MONSTER_ALICE,16,-5.2,0,10,0,16,-5.2,0,10,0,TRUE,1,Fallback,0.55,1.5,0.55,2,SKINBATTLE_RETINUE_ALICE,600#0#550,600#0#550,-600#0#-550,200#0#700,-900#0#-400,1000#0#-700,500#0#900,-800#0#0,1200#0#-200,-250#0#-1200
RETINUE_ANTONIO,RETINUE_ANTONIO,53,LOC_RETINUE_NAMECN_RETINUE_ANTONIO,30邪恶老公公,描述未完成，请在character.csv 表中添加描述,LOC_CHARACTERS_DESKEY_CHARA_3D_SAVAGE,unit3d,Pet/Antonio_Pet,Physical,1,6,30,10,1.5,10,15,2.5,2.5,4.5,1.5,FALSE,,4.5,,,ANIMATION_RETINUE_ANTONIO,ICON_MONSTER_ANTONIO,CARD_MONSTER_ANTONIO,,,,,,EFFECT_NEW_PET_DEAD,,5,,1,38,75,1,0,8,LOC_CHARACTERS_PET_BUNUS_HP_DESC,5,RARITY_TYPE_BLUE,CARD_MONSTER_ANTONIO,16,-5.2,0,10,0,16,-5.2,0,10,0,TRUE,1,Fallback,0.55,1.5,0.55,2,SKINBATTLE_RETINUE_ANTONIO,600#0#550,600#0#550,-600#0#-550,200#0#700,-900#0#-400,1000#0#-700,500#0#900,-800#0#0,1200#0#-200,-250#0#-1200
RETINUE_G_KATRINN,RETINUE_G_KATRINN,54,LOC_RETINUE_NAMECN_RETINUE_G_KATRINN,78超魔导师凯特莉娜,描述未完成，请在character.csv 表中添加描述,LOC_CHARACTERS_DESKEY_CHARA_3D_SAVAGE,unit3d,Pet/G_Katrinn_Pet,Magical,1,6,30,10,1.5,10,15,2.5,2.5,4.5,1.5,TRUE,PROJ_BULLET_LIGHT_BALL,28,,,ANIMATION_RETINUE_G_KATRINN,ICON_MONSTER_G_KATRINN,CARD_MONSTER_G_KATRINN,,,,,,EFFECT_NEW_PET_DEAD,,5,,1,38,75,1,0,8,LOC_CHARACTERS_PET_BUNUS_HP_DESC,5,RARITY_TYPE_BLUE,CARD_MONSTER_G_KATRINN,16,-5.2,0,10,0,16,-5.2,0,10,0,TRUE,1,Fallback,0.55,1.5,0.55,2,SKINBATTLE_RETINUE_G_KATRINN,600#0#550,600#0#550,-600#0#-550,200#0#700,-900#0#-400,1000#0#-700,500#0#900,-800#0#0,1200#0#-200,-250#0#-1200
RETINUE_MASTERING,RETINUE_MASTERING,55,LOC_RETINUE_NAMECN_RETINUE_MASTERING,32波利,描述未完成，请在character.csv 表中添加描述,LOC_CHARACTERS_DESKEY_CHARA_3D_PORING,unit3d,Pet/poring_Pet,Physical,1,6,30,10,1.5,10,15,2.5,2.5,4.5,1.5,TRUE,PROJ_BULLET_LIGHT_BALL,28,,,ANIMATION_RETINUE_MASTERING,ICON_MONSTER_MASTERING,CARD_MONSTER_MASTERING,,,,,,EFFECT_NEW_PET_DEAD,,5,,1,38,75,1,0,8,LOC_CHARACTERS_PET_BUNUS_HP_DESC,5,RARITY_TYPE_BLUE,CARD_MONSTER_MASTERING,16,-5.2,0,10,0,16,-5.2,0,10,0,TRUE,1,Bounce,0.95,0.5,0.95,2,SKINBATTLE_RETINUE_MASTERING,600#0#550,600#0#550,-600#0#-550,200#0#700,-900#0#-400,1000#0#-700,500#0#900,-800#0#0,1200#0#-200,-250#0#-1200
RETINUE_MARC,RETINUE_MARC,56,LOC_RETINUE_NAMECN_RETINUE_MARC,33马克,描述未完成，请在character.csv 表中添加描述,LOC_CHARACTERS_DESKEY_CHARA_3D_SAVAGE,unit3d,Pet/Marc_Pet,Magical,1,6,30,10,1.5,10,15,2.5,2.5,28,1.5,TRUE,PROJ_MARC,28,,,ANIMATION_RETINUE_MARC,ICON_MONSTER_MARK,CARD_MONSTER_MARK,,,,,,EFFECT_NEW_PET_DEAD,,5,,1,38,75,1,0,8,LOC_CHARACTERS_PET_BUNUS_HP_DESC,5,RARITY_TYPE_BLUE,CARD_MONSTER_MARK,16,-7.5,0,10,0,16,-7.5,0,10,0,TRUE,1,Fallback,0.55,1.5,0.55,4,SKINBATTLE_RETINUE_MARC,600#0#550,600#0#550,-600#0#-550,200#0#700,-900#0#-400,1000#0#-700,500#0#900,-800#0#0,1200#0#-200,-250#0#-1200
RETINUE_OBEAUNE,RETINUE_OBEAUNE,57,LOC_RETINUE_NAMECN_RETINUE_OBEAUNE,19人鱼,描述未完成，请在character.csv 表中添加描述,LOC_CHARACTERS_DESKEY_CHARA_3D_SAVAGE,unit3d,Pet/Obeaune_Pet,Magical,1,6,30,10,1.5,10,15,2.5,2.5,28,1.5,TRUE,PROJ_OBEAUNE_BULLET,28,,,ANIMATION_RETINUE_OBEAUNE,ICON_MONSTER_OBEAUNE,CARD_MONSTER_OBEAUNE,,,,,,EFFECT_NEW_PET_DEAD,,5,,1,38,75,1,0,8,LOC_CHARACTERS_PET_BUNUS_HP_DESC,5,RARITY_TYPE_BLUE,CARD_MONSTER_OBEAUNE,16,-6,0,10,0,16,-6,0,10,0,TRUE,1,Fallback,0.55,1.5,0.55,2,SKINBATTLE_RETINUE_OBEAUNE,600#0#550,600#0#550,-600#0#-550,200#0#700,-900#0#-400,1000#0#-700,500#0#900,-800#0#0,1200#0#-200,-250#0#-1200
RETINUE_G_EREMES,RETINUE_G_EREMES,58,LOC_RETINUE_NAMECN_RETINUE_G_EREMES,75十字刺客艾勒梅斯,描述未完成，请在character.csv 表中添加描述,LOC_CHARACTERS_DESKEY_CHARA_3D_SAVAGE,unit3d,Pet/G_Eremes_Pet,Physical,1,6,30,10,1.5,10,15,2.5,2.5,4.5,1.5,FALSE,,4.5,,,ANIMATION_RETINUE_G_EREMES,ICON_MONSTER_G_EREMES,CARD_MONSTER_G_EREMES,,,,,,EFFECT_NEW_PET_DEAD,,5,,1,38,75,1,0,8,LOC_CHARACTERS_PET_BUNUS_HP_DESC,5,RARITY_TYPE_BLUE,CARD_MONSTER_G_EREMES,16,-5.2,0,10,0,16,-5.2,0,10,0,TRUE,1,Fallback,0.55,1.5,0.55,2,SKINBATTLE_RETINUE_G_EREMES,600#0#550,600#0#550,-600#0#-550,200#0#700,-900#0#-400,1000#0#-700,500#0#900,-800#0#0,1200#0#-200,-250#0#-1200
RETINUE_PHREEONI,RETINUE_PHREEONI,59,LOC_RETINUE_NAMECN_RETINUE_PHREEONI,62皮里恩,描述未完成，请在character.csv 表中添加描述,LOC_CHARACTERS_DESKEY_CHARA_3D_SAVAGE,unit3d,Pet/Phreeoni_Pet,Magical,1,6,30,10,1.5,10,15,2.5,2.5,28,1.5,TRUE,PROJ_BULLET_STONE,28,,,ANIMATION_RETINUE_PHREEONI,ICON_MONSTER_PHREEONI,CARD_MONSTER_PHREEONI,,,,,,EFFECT_NEW_PET_DEAD,,5,,1,38,75,1,0,8,LOC_CHARACTERS_PET_BUNUS_HP_DESC,5,RARITY_TYPE_BLUE,CARD_MONSTER_PHREEONI,16,-5.2,0,10,0,16,-5.2,0,10,0,TRUE,1,Bounce,0.95,0.5,0.95,2,SKINBATTLE_RETINUE_PHREEONI,600#0#550,600#0#550,-600#0#-550,200#0#700,-900#0#-400,1000#0#-700,500#0#900,-800#0#0,1200#0#-200,-250#0#-1200
RETINUE_GARM,RETINUE_GARM,60,LOC_RETINUE_NAMECN_RETINUE_GARM,68卡伦,描述未完成，请在character.csv 表中添加描述,LOC_CHARACTERS_DESKEY_CHARA_3D_SAVAGE,unit3d,Pet/Vagabond_Wolf_Pet,Magical,1,6,30,10,1.5,10,15,2.5,2.5,4.5,1.5,FALSE,,4.5,,,ANIMATION_VAGABOND_WOLF,ICON_MONSTER_VAGABOND_WOLF,CARD_MONSTER_VAGABOND_WOLF,,,,,,EFFECT_NEW_PET_DEAD,,5,,1,38,75,1,0,8,LOC_CHARACTERS_PET_BUNUS_HP_DESC,5,RARITY_TYPE_BLUE,CARD_MONSTER_VAGABOND_WOLF,16,-4.6,0,10,0,16,-4.6,0,10,0,TRUE,1,Getdown,0.95,0.3,0.95,2,SKINBATTLE_RETINUE_GARM,600#0#550,600#0#550,-600#0#-550,200#0#700,-900#0#-400,1000#0#-700,500#0#900,-800#0#0,1200#0#-200,-250#0#-1200
RETINUE_LOLI_RURI,RETINUE_LOLI_RURI,61,LOC_RETINUE_NAMECN_RETINUE_LOLI_RURI,51银月魔女,描述未完成，请在character.csv 表中添加描述,LOC_CHARACTERS_DESKEY_CHARA_3D_SAVAGE,unit3d,Pet/Loli_Ruri_Pet,Magical,1,6,30,10,1.5,10,15,2.5,2.5,28,1.5,TRUE,PROJ_LOLI_RURI,28,,,ANIMATION_RETINUE_LOLI_RURI,ICON_MONSTER_LOLI_RURI,CARD_MONSTER_LOLI_RURI,,,,,,EFFECT_NEW_PET_DEAD,,5,,1,38,75,1,0,8,LOC_CHARACTERS_PET_BUNUS_HP_DESC,5,RARITY_TYPE_BLUE,CARD_MONSTER_LOLI_RURI,16,-5.2,0,10,0,16,-5.2,0,10,0,TRUE,1,Fallback,0.55,1.5,0.55,2,SKINBATTLE_RETINUE_LOLI_RURI,600#0#550,600#0#550,-600#0#-550,200#0#700,-900#0#-400,1000#0#-700,500#0#900,-800#0#0,1200#0#-200,-250#0#-1200
RETINUE_SOHEE,RETINUE_SOHEE,62,LOC_RETINUE_NAMECN_RETINUE_SOHEE,31鬼女,描述未完成，请在character.csv 表中添加描述,LOC_CHARACTERS_DESKEY_CHARA_3D_SAVAGE,unit3d,Pet/Sohee_Pet,Magical,1,6,30,10,1.5,10,15,2.5,2.5,28,1.5,TRUE,PROJ_SOHEE_BULLET,28,,,ANIMATION_RETINUE_SOHEE,ICON_MONSTER_SOHEE,CARD_MONSTER_SOHEE,,,,,,EFFECT_NEW_PET_DEAD,,5,,1,38,75,1,0,8,LOC_CHARACTERS_PET_BUNUS_HP_DESC,5,RARITY_TYPE_BLUE,CARD_MONSTER_SOHEE,16,-6,0,10,0,16,-6,0,10,0,TRUE,1,Fallback,0.55,1.5,0.55,2,SKINBATTLE_RETINUE_SOHEE,600#0#550,600#0#550,-600#0#-550,200#0#700,-900#0#-400,1000#0#-700,500#0#900,-800#0#0,1200#0#-200,-250#0#-1200
RETINUE_GOBLIN_2,RETINUE_GOBLIN_2,63,LOC_RETINUE_NAMECN_RETINUE_GOBLIN_2,14链锤哥布灵,描述未完成，请在character.csv 表中添加描述,LOC_CHARACTERS_DESKEY_CHARA_3D_SAVAGE,unit3d,Pet/Goblin_2_Pet,Physical,1,6,30,10,1.5,10,15,2.5,2.5,4.5,1.5,FALSE,,4.5,,,ANIMATION_RETINUE_GOBLIN_2,ICON_MONSTER_GOBLIN_2,CARD_MONSTER_GOBLIN_2,,,,,,EFFECT_NEW_PET_DEAD,,5,,1,38,75,1,0,8,LOC_CHARACTERS_PET_BUNUS_HP_DESC,5,RARITY_TYPE_BLUE,CARD_MONSTER_GOBLIN_2,16,-5.2,0,10,0,16,-5.2,0,10,0,TRUE,1,Bounce,0.95,0.5,0.95,2,SKINBATTLE_RETINUE_GOBLIN_2,600#0#550,600#0#550,-600#0#-550,200#0#700,-900#0#-400,1000#0#-700,500#0#900,-800#0#0,1200#0#-200,-250#0#-1200
RETINUE_OWL_BARON,RETINUE_OWL_BARON,64,LOC_RETINUE_NAMECN_RETINUE_OWL_BARON,52鹗枭男爵,描述未完成，请在character.csv 表中添加描述,LOC_CHARACTERS_DESKEY_CHARA_3D_SAVAGE,unit3d,Pet/Owl_Baron_Pet,Magical,1,6,30,10,1.5,10,15,2.5,2.5,28,1.5,TRUE,PROJ_BULLET_LIGHT_KNIFE,28,,,ANIMATION_RETINUE_OWL_BARON,ICON_MONSTER_OWL_BARON,CARD_MONSTER_OWL_BARON,,,,,,EFFECT_NEW_PET_DEAD,,5,,1,38,75,1,0,8,LOC_CHARACTERS_PET_BUNUS_HP_DESC,5,RARITY_TYPE_BLUE,CARD_MONSTER_OWL_BARON,16,-5.2,0,10,0,16,-5.2,0,10,0,TRUE,1,Fallback,0.55,1.5,0.55,2,SKINBATTLE_RETINUE_OWL_BARON,600#0#550,600#0#550,-600#0#-550,200#0#700,-900#0#-400,1000#0#-700,500#0#900,-800#0#0,1200#0#-200,-250#0#-1200
RETINUE_ISSUS,RETINUE_ISSUS,65,LOC_RETINUE_NAMECN_RETINUE_ISSUS,37剑士（男）伊瑟斯,描述未完成，请在character.csv 表中添加描述,LOC_CHARACTERS_DESKEY_CHARA_3D_SAVAGE,unit3d,Pet/Issus_Pet,Physical,1,6,30,10,1.5,10,15,2.5,2.5,4.5,1.5,FALSE,,4.5,,,ANIMATION_RETINUE_ISSUS,ICON_MONSTER_ISSUS,CARD_MONSTER_ISSUS,,,,,,EFFECT_NEW_PET_DEAD,,5,,1,38,75,1,0,8,LOC_CHARACTERS_PET_BUNUS_HP_DESC,5,RARITY_TYPE_BLUE,CARD_MONSTER_ISSUS,16,-5.2,0,10,0,16,-5.2,0,10,0,TRUE,1,Fallback,0.55,1.5,0.55,2,SKINBATTLE_RETINUE_ISSUS,600#0#550,600#0#550,-600#0#-550,200#0#700,-900#0#-400,1000#0#-700,500#0#900,-800#0#0,1200#0#-200,-250#0#-1200
RETINUE_VANESSA,RETINUE_VANESSA,66,LOC_RETINUE_NAMECN_RETINUE_VANESSA,38弓箭手（女）温妮莎,描述未完成，请在character.csv 表中添加描述,LOC_CHARACTERS_DESKEY_CHARA_3D_SAVAGE,unit3d,Pet/Vanessa_Pet,Physical,1,6,30,10,1.5,10,15,2.5,2.5,28,1.5,TRUE,PROJ_ARROW_ATTLACK_3,28,,,ANIMATION_RETINUE_VANESSA,ICON_MONSTER_VANESSA,CARD_MONSTER_VANESSA,,,,,,EFFECT_NEW_PET_DEAD,,5,,1,38,75,1,0,8,LOC_CHARACTERS_PET_BUNUS_HP_DESC,5,RARITY_TYPE_BLUE,CARD_MONSTER_VANESSA,16,-5.2,0,10,0,16,-5.2,0,10,0,TRUE,1,Fallback,0.55,1.5,0.55,2,SKINBATTLE_RETINUE_VANESSA,600#0#550,600#0#550,-600#0#-550,200#0#700,-900#0#-400,1000#0#-700,500#0#900,-800#0#0,1200#0#-200,-250#0#-1200
RETINUE_HAROLD,RETINUE_HAROLD,67,LOC_RETINUE_NAMECN_RETINUE_HAROLD,39盗贼（男）哈罗德,描述未完成，请在character.csv 表中添加描述,LOC_CHARACTERS_DESKEY_CHARA_3D_SAVAGE,unit3d,Pet/Harold_Pet,Physical,1,6,30,10,1.5,10,15,2.5,2.5,4.5,1.5,FALSE,,4.5,,,ANIMATION_RETINUE_HAROLD,ICON_MONSTER_HAROLD,CARD_MONSTER_HAROLD,,,,,,EFFECT_NEW_PET_DEAD,,5,,1,38,75,1,0,8,LOC_CHARACTERS_PET_BUNUS_HP_DESC,5,RARITY_TYPE_BLUE,CARD_MONSTER_HAROLD,16,-5.2,0,10,0,16,-5.2,0,10,0,TRUE,1,Fallback,0.55,1.5,0.55,2,SKINBATTLE_RETINUE_HAROLD,600#0#550,600#0#550,-600#0#-550,200#0#700,-900#0#-400,1000#0#-700,500#0#900,-800#0#0,1200#0#-200,-250#0#-1200
RETINUE_BARTLEY,RETINUE_BARTLEY,68,LOC_RETINUE_NAMECN_RETINUE_BARTLEY,20初心者巴特莱,描述未完成，请在character.csv 表中添加描述,LOC_CHARACTERS_DESKEY_CHARA_3D_SAVAGE,unit3d,Pet/Bartley_Pet,Magical,1,6,30,10,1.5,10,15,2.5,2.5,4.5,1.5,FALSE,,4.5,,,ANIMATION_RETINUE_BARTLEY,ICON_MONSTER_BARTLEY,CARD_MONSTER_BARTLEY,,,,,,EFFECT_NEW_PET_DEAD,,5,,1,38,75,1,0,8,LOC_CHARACTERS_PET_BUNUS_HP_DESC,5,RARITY_TYPE_BLUE,CARD_MONSTER_BARTLEY,16,-5.2,0,10,0,16,-5.2,0,10,0,TRUE,1,Fallback,0.55,1.5,0.55,2,SKINBATTLE_RETINUE_BARTLEY,600#0#550,600#0#550,-600#0#-550,200#0#700,-900#0#-400,1000#0#-700,500#0#900,-800#0#0,1200#0#-200,-250#0#-1200
RETINUE_EGGYRA,RETINUE_EGGYRA,69,LOC_RETINUE_NAMECN_RETINUE_EGGYRA,60转转蛋,描述未完成，请在character.csv 表中添加描述,LOC_CHARACTERS_DESKEY_CHARA_3D_SAVAGE,unit3d,Pet/Eggyra_Pet,Physical,1,6,30,10,1.5,10,15,2.5,2.5,5,1.5,FALSE,,5.2,,,ANIMATION_EGGYRA,ICON_MONSTER_BAPHOMET,CARD_MONSTER_BAPHOMET,,,,,,EFFECT_NEW_PET_DEAD,,5,,1,38,75,1,0,8,LOC_CHARACTERS_PET_BUNUS_HP_DESC,5,RARITY_TYPE_BLUE,CARD_MONSTER_MUMMY,16,-5.2,0,10,0,16,-5.2,0,10,0,TRUE,1,Bounce,0.95,0.5,0.95,2,SKINBATTLE_RETINUE_EGGYRA,600#0#550,600#0#550,-600#0#-550,200#0#700,-900#0#-400,1000#0#-700,500#0#900,-800#0#0,1200#0#-200,-250#0#-1200
RETINUE_DARK_SNAKE_LORD,RETINUE_DARK_SNAKE_LORD,70,LOC_RETINUE_NAMECN_RETINUE_DARK_SNAKE_LORD,墨蛇君,描述未完成，请在character.csv 表中添加描述,LOC_CHARACTERS_DESKEY_CHARA_3D_SAVAGE,unit3d,Pet/Dark_Snake_Lord_Pet,Physical,1,6,30,10,1.5,10,15,2.5,2.5,28,1.5,TRUE,PROJ_DARK_SNAKE_LORD,28,,,ANIMATION_RETINUE_DARK_SNAKE_LORD,ICON_MONSTER_DARK_SNAKE_LORD,CARD_MONSTER_DARK_SNAKE_LORD,,,,,,EFFECT_NEW_PET_DEAD,,5,,1,38,75,1,0,8,LOC_CHARACTERS_PET_BUNUS_HP_DESC,5,RARITY_TYPE_ORANGE,CARD_MONSTER_DARK_SNAKE_LORD,16,-5.2,0,10,0,16,-5.2,0,10,0,TRUE,1,Fallback,0.55,1.5,0.55,4,SKINBATTLE_RETINUE_DARK_SNAKE_LORD,600#0#550,600#0#550,-600#0#-550,200#0#700,-900#0#-400,1000#0#-700,500#0#900,-800#0#0,1200#0#-200,-250#0#-1200
RETINUE_KNIGHT_OF_WINDSTORM,RETINUE_KNIGHT_OF_WINDSTORM,71,LOC_RETINUE_NAMECN_RETINUE_KNIGHT_OF_WINDSTORM,冰暴骑士,描述未完成，请在character.csv 表中添加描述,LOC_CHARACTERS_DESKEY_CHARA_3D_SAVAGE,unit3d,Pet/Knight_Of_Windstorm_Pet,Magical,1,6,30,10,1.5,10,15,2.5,2.5,4.5,1.5,FALSE,,4.5,,,ANIMATION_RETINUE_KNIGHT_OF_WINDSTORM,ICON_MONSTER_KNIGHT_OF_WINDSTORM,CARD_MONSTER_KNIGHT_OF_WINDSTORM,,,,,,EFFECT_NEW_PET_DEAD,,5,,1,38,75,1,0,8,LOC_CHARACTERS_PET_BUNUS_HP_DESC,5,RARITY_TYPE_ORANGE,CARD_MONSTER_KNIGHT_OF_WINDSTORM,16,-5.2,0,10,0,16,-5.2,0,10,0,TRUE,1,Fallback,0.55,1.5,0.55,2,SKINBATTLE_RETINUE_KNIGHT_OF_WINDSTORM,600#0#550,600#0#550,-600#0#-550,200#0#700,-900#0#-400,1000#0#-700,500#0#900,-800#0#0,1200#0#-200,-250#0#-1200
RETINUE_DRACULA_BARON,RETINUE_DRACULA_BARON,72,LOC_RETINUE_NAMECN_RETINUE_DRACULA_BARON,德库拉,描述未完成，请在character.csv 表中添加描述,LOC_CHARACTERS_DESKEY_CHARA_3D_SAVAGE,unit3d,Pet/Dracula_Pet,Physical,1,6,30,10,1.5,10,15,2.5,2.5,28,1.5,TRUE,PROJ_DRACULA_BARON,28,,,ANIMATION_RETINUE_DRACULA_BARON,ICON_MONSTER_DRACULA,CARD_MONSTER_DRACULA,,,,,,EFFECT_NEW_PET_DEAD,,5,,1,38,75,1,0,8,LOC_CHARACTERS_PET_BUNUS_HP_DESC,5,RARITY_TYPE_ORANGE,CARD_MONSTER_KNIGHT_OF_WINDSTORM,16,-5.8,0,10,0,16,-5.8,0,10,0,TRUE,1,Fallback,0.55,1.5,0.55,2,SKINBATTLE_RETINUE_DRACULA_BARON,600#0#550,600#0#550,-600#0#-550,200#0#700,-900#0#-400,1000#0#-700,500#0#900,-800#0#0,1200#0#-200,-250#0#-1200
RETINUE_HARWORD,RETINUE_HARWORD,73,LOC_RETINUE_NAMECN_RETINUE_HARWORD,霍华德,描述未完成，请在character.csv 表中添加描述,LOC_CHARACTERS_DESKEY_CHARA_3D_SAVAGE,unit3d,Pet/Harword_Pet,Physical,1,6,30,10,1.5,10,15,2.5,2.5,4.5,1.5,FALSE,,4.5,,,ANIMATION_RETINUE_HARWORD,ICON_MONSTER_HARWORDD,CARD_MONSTER_HARWORDD,,,,,,EFFECT_NEW_PET_DEAD,,5,,1,38,75,1,0,8,LOC_CHARACTERS_PET_BUNUS_HP_DESC,5,RARITY_TYPE_ORANGE,CARD_MONSTER_KNIGHT_OF_WINDSTORM,16,-5.2,0,10,0,16,-5.2,0,10,0,TRUE,1,Fallback,0.55,1.5,0.55,2,SKINBATTLE_RETINUE_HARWORD,600#0#550,600#0#550,-600#0#-550,200#0#700,-900#0#-400,1000#0#-700,500#0#900,-800#0#0,1200#0#-200,-250#0#-1200
RETINUE_CELIA,RETINUE_CELIA,74,LOC_RETINUE_NAMECN_RETINUE_CELIA,智者西里亚宠物,描述未完成，请在character.csv 表中添加描述,LOC_CHARACTERS_DESKEY_CHARA_3D_SAVAGE,unit3d,Pet/Celia_Pet,Magical,1,6,30,10,1.5,10,15,2.5,2.5,28,1.5,TRUE,PROJ_CELIA_ATTACK_BULLET,28,,,ANIMATION_RETINUE_CELIA,ICON_MONSTER_MAGALETA,CARD_MONSTER_MAGALETA,,,,,,EFFECT_NEW_PET_DEAD,,5,,1,38,75,1,0,8,LOC_CHARACTERS_PET_BUNUS_HP_DESC,5,RARITY_TYPE_ORANGE,CARD_MONSTER_MAGALETA,16,-5.2,0,10,0,16,-5.2,0,10,0,TRUE,1,Fallback,0.55,1.5,0.55,2,SKINBATTLE_RETINUE_CELIA,600#0#550,600#0#550,-600#0#-550,200#0#700,-900#0#-400,1000#0#-700,500#0#900,-800#0#0,1200#0#-200,-250#0#-1200
RETINUE_BACSOJIN,RETINUE_BACSOJIN,75,LOC_RETINUE_NAMECN_RETINUE_BACSOJIN,白素贞,描述未完成，请在character.csv 表中添加描述,LOC_CHARACTERS_DESKEY_CHARA_3D_SAVAGE,unit3d,Pet/Bacsojin_Pet,Magical,1,6,30,10,1.5,10,15,2.5,2.5,4.5,1.5,FALSE,,4.5,,,ANIMATION_RETINUE_BACSOJIN,ICON_MONSTER_BACSOJIN,CARD_MONSTER_BACSOJIN,,,,,,EFFECT_NEW_PET_DEAD,,5,,1,38,75,1,0,8,LOC_CHARACTERS_PET_BUNUS_HP_DESC,5,RARITY_TYPE_ORANGE,CARD_MONSTER_KNIGHT_OF_WINDSTORM,16,-5.2,0,10,0,16,-5.2,0,10,0,TRUE,1,Fallback,0.55,1.5,0.55,2,SKINBATTLE_RETINUE_BACSOJIN,600#0#550,600#0#550,-600#0#-550,200#0#700,-900#0#-400,1000#0#-700,500#0#900,-800#0#0,1200#0#-200,-250#0#-1200
RETINUE_VESPER,RETINUE_VESPER,76,LOC_RETINUE_NAMECN_RETINUE_VESPER,贝思波,描述未完成，请在character.csv 表中添加描述,LOC_CHARACTERS_DESKEY_CHARA_3D_SAVAGE,unit3d,Pet/Vesper_Pet,Physical,1,6,30,10,1.5,10,15,2.5,2.5,28,1.5,TRUE,PROJ_VESPER_ATK_BULLET_PET,28,,,ANIMATION_RETINUE_VESPER,ICON_MONSTER_DARK_SNAKE_LORD,CARD_MONSTER_DARK_SNAKE_LORD,,,,,,EFFECT_NEW_PET_DEAD,,5,,1,38,75,1,0,8,LOC_CHARACTERS_PET_BUNUS_HP_DESC,5,RARITY_TYPE_ORANGE,CARD_MONSTER_DARK_SNAKE_LORD,16,-4.8,0,10,0,16,-4.8,0,10,0,TRUE,1,Fallback,0.55,1.5,0.55,5.3,SKINBATTLE_RETINUE_VESPER,600#0#550,600#0#550,-600#0#-550,200#0#700,-900#0#-400,1000#0#-900,500#0#900,-800#100#0,1200#100#-700,-250#250#-1800
RETINUE_GLOOMUNDERNIGHT,RETINUE_GLOOMUNDERNIGHT,77,LOC_RETINUE_NAMECN_RETINUE_GLOOMUNDERNIGHT,幽暗梦魇,描述未完成，请在character.csv 表中添加描述,LOC_CHARACTERS_DESKEY_CHARA_3D_SAVAGE,unit3d,Pet/Gloomundernight_Pet,Magical,1,6,30,10,1.5,10,15,2.5,2.5,4.5,1.5,FALSE,,4.5,,,ANIMATION_RETINUE_GLOOMUNDERNIGHT,ICON_MONSTER_GLOOMUNDERNIGHT,CARD_MONSTER_GLOOMUNDERNIGHT,,,,,,EFFECT_NEW_PET_DEAD,,6,,1,38,75,1,0,8,LOC_CHARACTERS_PET_BUNUS_HP_DESC,5,RARITY_TYPE_ORANGE,CARD_MONSTER_GLOOMUNDERNIGHT,16,-5.2,0,10,0,16,-5.2,0,10,0,TRUE,1,Fallback,0.55,1.5,0.55,2,SKINBATTLE_RETINUE_GLOOMUNDERNIGHT,600#0#550,600#0#550,-600#0#-550,200#0#700,-900#0#-400,1000#0#-700,500#0#900,-800#0#0,1200#0#-200,-250#0#-1200
RETINUE_LADY_TANEE,RETINUE_LADY_TANEE,78,LOC_RETINUE_NAMECN_RETINUE_LADY_TANEE,嗒妮小姐,描述未完成，请在character.csv 表中添加描述,LOC_CHARACTERS_DESKEY_CHARA_3D_SAVAGE,unit3d,Pet/LadyTanee_Pet,Physical,1,6,30,10,1.5,10,15,2.5,2.5,28,1.5,TRUE,PROJ_TANEE_BULLET,28,,,ANIMATION_RETINUE_LADY_TANEE,ICON_MONSTER_DARK_SNAKE_LORD,CARD_MONSTER_DARK_SNAKE_LORD,,,,,,EFFECT_NEW_PET_DEAD,,5,,1,38,75,1,0,8,LOC_CHARACTERS_PET_BUNUS_HP_DESC,5,RARITY_TYPE_ORANGE,CARD_MONSTER_DARK_SNAKE_LORD,16,-4.8,0,10,0,16,-4.8,0,10,0,TRUE,1,Fallback,0.55,1.5,0.55,2,SKINBATTLE_RETINUE_LADY_TANEE,600#0#550,600#0#550,-600#0#-550,200#0#700,-900#0#-400,1000#0#-700,500#0#900,-800#0#0,1200#0#-200,-250#0#-1200
RETINUE_LORD_OF_DEATH,RETINUE_LORD_OF_DEATH,79,LOC_RETINUE_NAMECN_RETINUE_LORD_OF_DEATH,死灵骑士,描述未完成，请在character.csv 表中添加描述,LOC_CHARACTERS_DESKEY_CHARA_3D_SAVAGE,unit3d,Pet/Lord_of_Death_Pet,Physical,1,6,30,10,1.5,10,15,2.5,2.5,4.5,1.5,FALSE,,4.5,,,ANIMATION_RETINUE_LORD_OF_DEATH,ICON_MONSTER_ORC_HERO,CARD_MONSTER_ORC_HERO,,,,,,EFFECT_NEW_PET_DEAD,,6,,1,38,75,1,0,8,LOC_CHARACTERS_PET_BUNUS_HP_DESC,5,RARITY_TYPE_ORANGE,CARD_MONSTER_ORC_HERO,18,-6,0.2,10,0,18,-6,0.2,10,0,TRUE,1,Fallback,0.55,1.5,0.55,2,SKINBATTLE_RETINUE_LORD_OF_DEATH,600#0#550,600#0#550,-600#0#-550,200#0#700,-900#0#-400,1000#0#-700,500#0#900,-800#0#0,1200#0#-200,-250#0#-1200
RETINUE_CLOWN_ALPHOCCIO,RETINUE_CLOWN_ALPHOCCIO,80,LOC_RETINUE_NAMECN_RETINUE_CLOWN_ALPHOCCIO,搞笑艺人,描述未完成，请在character.csv 表中添加描述,LOC_CHARACTERS_DESKEY_CHARA_3D_SAVAGE,unit3d,Pet/Clown_Alphoccio_Pet,Physical,1,6,30,10,1.5,10,15,2.5,2.5,28,1.5,TRUE,PROJ_CLOWN_ALPHOCCIO_BULLET,28,,,ANIMATION_RETINUE_CLOWN_ALPHOCCIO,ICON_MONSTER_Clown_Alphoccio,CARD_MONSTER_Clown_Alphoccio,,,,,,EFFECT_NEW_PET_DEAD,,5,,1,38,75,1,0,8,LOC_CHARACTERS_PET_BUNUS_HP_DESC,5,RARITY_TYPE_ORANGE,CARD_MONSTER_Clown_Alphoccio,16,-5.2,0,10,0,16,-5.2,0,10,0,TRUE,1,Fallback,0.55,1.5,0.55,2,SKINBATTLE_RETINUE_CLOWN_ALPHOCCIO,600#0#550,600#0#550,-600#0#-550,200#0#700,-900#0#-400,1000#0#-700,500#0#900,-800#0#0,1200#0#-200,-250#0#-1200
RETINUE_GYPSY_TRENTINI,RETINUE_GYPSY_TRENTINI,81,LOC_RETINUE_NAMECN_RETINUE_GYPSY_TRENTINI,冷艳舞姬,描述未完成，请在character.csv 表中添加描述,LOC_CHARACTERS_DESKEY_CHARA_3D_SAVAGE,unit3d,Pet/Gypsy_Trentini_Pet,Physical,1,6,30,10,1.5,10,15,2.5,2.5,4.5,1.5,FALSE,,4.5,,,ANIMATION_RETINUE_GYPSY_TRENTINI,ICON_MONSTER_Gypsy_Trentini,CARD_MONSTER_Gypsy_Trentini,,,,,,EFFECT_NEW_PET_DEAD,,5,,1,38,75,1,0,8,LOC_CHARACTERS_PET_BUNUS_HP_DESC,5,RARITY_TYPE_ORANGE,CARD_MONSTER_Gypsy_Trentini,16,-5.2,0,10,0,16,-5.2,0,10,0,TRUE,1,Fallback,0.55,1.5,0.55,2,SKINBATTLE_RETINUE_GYPSY_TRENTINI,600#0#550,600#0#550,-600#0#-550,200#0#700,-900#0#-400,1000#0#-700,500#0#900,-800#0#0,1200#0#-200,-250#0#-1200
RETINUE_PHARAOH,RETINUE_PHARAOH,82,LOC_RETINUE_NAMECN_RETINUE_PHARAOH,法老王,描述未完成，请在character.csv 表中添加描述,LOC_CHARACTERS_DESKEY_CHARA_3D_SAVAGE,unit3d,Pet/Pharaoh_Pet,Physical,1,6,30,10,1.5,10,15,2.5,2.5,4.5,1.5,FALSE,,4.5,,,ANIMATION_RETINUE_PHARAOH,,,,,,,,EFFECT_NEW_PET_DEAD,,6,,1,38,75,1,0,8,LOC_CHARACTERS_PET_BUNUS_HP_DESC,5,RARITY_TYPE_ORANGE,CARD_MONSTER_Pharaoh,16,-5.2,0,10,0,16,-5.2,0,10,0,TRUE,1,Fallback,0.55,1.5,0.55,2,SKINBATTLE_RETINUE_PHARAOH,600#0#550,600#0#550,-600#0#-550,200#0#700,-900#0#-400,1000#0#-700,500#0#900,-800#0#0,1200#0#-200,-250#0#-1200
RETINUE_AMON_RA,RETINUE_AMON_RA,83,LOC_RETINUE_NAMECN_RETINUE_AMON_RA,古埃及王,描述未完成，请在character.csv 表中添加描述,LOC_CHARACTERS_DESKEY_CHARA_3D_SAVAGE,unit3d,Pet/Amon_Ra_Pet,Magical,1,6,30,10,1.5,10,15,2.5,2.5,28,1.5,TRUE,PROJ_AMON_RA_BULLET,28,,,ANIMATION_RETINUE_AMON_RA,ICON_MONSTER_Amon_Ra,CARD_MONSTER_Amon_Ra,,,,,,EFFECT_NEW_PET_DEAD,,6,,1,38,75,1,0,8,LOC_CHARACTERS_PET_BUNUS_HP_DESC,5,RARITY_TYPE_ORANGE,CARD_MONSTER_Amon_Ra,16,-5.2,0,10,0,16,-5.2,0,10,0,TRUE,1,Fallback,0.55,1.5,0.55,3,SKINBATTLE_RETINUE_AMON_RA,600#0#550,600#0#550,-600#0#-550,200#0#700,-900#0#-400,1000#0#-700,500#0#900,-800#0#0,1200#0#-200,-250#0#-1200
RETINUE_CHEN,RETINUE_CHEN,84,LOC_RETINUE_NAMECN_RETINUE_CHEN,武术宗师,描述未完成，请在character.csv 表中添加描述,LOC_CHARACTERS_DESKEY_CHARA_3D_SAVAGE,unit3d,Pet/Chen_Pet,Physical,1,6,30,10,1.5,10,15,2.5,2.5,4.5,1.5,FALSE,,4.5,,,ANIMATION_RETINUE_CHEN,ICON_MONSTER_Chen,CARD_MONSTER_Chen,,,,,,EFFECT_NEW_PET_DEAD,,5,,1,38,75,1,0,8,LOC_CHARACTERS_PET_BUNUS_HP_DESC,5,RARITY_TYPE_ORANGE,CARD_MONSTER_Chen,16,-5.2,0,10,0,16,-5.2,0,10,0,TRUE,1,Fallback,0.55,1.5,0.55,2,SKINBATTLE_RETINUE_CHEN,600#0#550,600#0#550,-600#0#-550,200#0#700,-900#0#-400,1000#0#-700,500#0#900,-800#0#0,1200#0#-200,-250#0#-1200
RETINUE_STALKER_GERTIE,RETINUE_STALKER_GERTIE,85,LOC_RETINUE_NAMECN_RETINUE_STALKER_GERTIE,神行太保,描述未完成，请在character.csv 表中添加描述,LOC_CHARACTERS_DESKEY_CHARA_3D_SAVAGE,unit3d,Pet/Stalker_Gertie_Pet,Physical,1,6,30,10,1.5,10,15,2.5,2.5,4.5,1.5,FALSE,,4.5,,,ANIMATION_RETINUE_STALKER_GERTIE,ICON_MONSTER_Stalker_Gertie,CARD_MONSTER_Stalker_Gertie,,,,,,EFFECT_NEW_PET_DEAD,,5,,1,38,75,1,0,8,LOC_CHARACTERS_PET_BUNUS_HP_DESC,5,RARITY_TYPE_ORANGE,CARD_MONSTER_Stalker_Gertie,16,-5.2,0,10,0,16,-5.2,0,10,0,TRUE,1,Fallback,0.55,1.5,0.55,2,SKINBATTLE_RETINUE_STALKER_GERTIE,600#0#550,600#0#550,-600#0#-550,200#0#700,-900#0#-400,1000#0#-700,500#0#900,-800#0#0,1200#0#-200,-250#0#-1200
RETINUE_LEAK,RETINUE_LEAK,86,LOC_RETINUE_NAMECN_RETINUE_LEAK,让特,描述未完成，请在character.csv 表中添加描述,LOC_CHARACTERS_DESKEY_CHARA_3D_SAVAGE,unit3d,Pet/Leak_Pet,Magical,1,6,30,10,1.5,10,15,2.5,2.5,28,1.5,TRUE,,28,,,ANIMATION_RETINUE_LEAK,ICON_MONSTER_Leak,CARD_MONSTER_Leak,,,,,,EFFECT_NEW_PET_DEAD,,5,,1,38,75,1,0,8,LOC_CHARACTERS_PET_BUNUS_HP_DESC,5,RARITY_TYPE_ORANGE,CARD_MONSTER_Leak,16,-5.2,0,10,0,16,-5.2,0,10,0,TRUE,1,Fallback,0.55,1.5,0.55,2,SKINBATTLE_RETINUE_LEAK,600#0#550,600#0#550,-600#0#-550,200#0#700,-900#0#-400,1000#0#-700,500#0#900,-800#0#0,1200#0#-200,-250#0#-1200
RETINUE_PYURIEL,RETINUE_PYURIEL,87,LOC_RETINUE_NAMECN_RETINUE_PYURIEL,淘汰者傅立叶,描述未完成，请在character.csv 表中添加描述,LOC_CHARACTERS_DESKEY_CHARA_3D_SAVAGE,unit3d,Pet/Angry_Student_Pyuriel_Pet,Magical,1,6,30,10,1.5,10,15,2.5,2.5,4.5,1.5,FALSE,,4.5,,,ANIMATION_RETINUE_PYURIEL,ICON_MONSTER_KNIGHT_OF_WINDSTORM,CARD_MONSTER_KNIGHT_OF_WINDSTORM,,,,,,EFFECT_NEW_PET_DEAD,,5,,1,38,75,1,0,8,LOC_CHARACTERS_PET_BUNUS_HP_DESC,5,RARITY_TYPE_ORANGE,CARD_MONSTER_KNIGHT_OF_WINDSTORM,16,-5.2,0,10,0,16,-5.2,0,10,0,TRUE,1,Fallback,0.55,1.5,0.55,2,SKINBATTLE_RETINUE_PYURIEL,600#0#550,600#0#550,-600#0#-550,200#0#700,-900#0#-400,1000#0#-700,500#0#900,-800#0#0,1200#0#-200,-250#0#-1200
RETINUE_ANNIVERSARY_PORING,RETINUE_ANNIVERSARY_PORING,88,LOC_RETINUE_NAMECN_RETINUE_ANNIVERSARY_PORING,蛋糕波利,描述未完成，请在character.csv 表中添加描述,LOC_CHARACTERS_DESKEY_CHARA_3D_SAVAGE,unit3d,Pet/Anniversary_Poring_Pet,Physical,1,6,30,10,1.5,10,15,2.5,2.5,4.5,1.5,FALSE,,4.5,,,ANIMATION_RETINUE_ANNIVERSARY_PORING,ICON_MONSTER_Leak,CARD_MONSTER_Leak,,,,,,EFFECT_NEW_PET_DEAD,,5,,1,38,75,1,0,8,LOC_CHARACTERS_PET_BUNUS_HP_DESC,5,RARITY_TYPE_ORANGE,CARD_MONSTER_Leak,16,-5.2,0,10,0,16,-5.2,0,10,0,TRUE,1,Fallback,0.55,1.5,0.55,2,SKINBATTLE_RETINUE_ANNIVERSARY_PORING,600#0#550,600#0#550,-600#0#-550,200#0#700,-900#0#-400,1000#0#-700,500#0#900,-800#0#0,1200#0#-200,-250#0#-1200
RETINUE_INCANTATION_SAMURAI,RETINUE_INCANTATION_SAMURAI,89,LOC_RETINUE_NAMECN_RETINUE_INCANTATION_SAMURAI,元灵武士,描述未完成，请在character.csv 表中添加描述,LOC_CHARACTERS_DESKEY_CHARA_3D_SAVAGE,unit3d,Pet/Incantation_Samurai_Pet,Physical,1,6,30,10,1.5,10,15,2.5,2.5,4.5,1.5,FALSE,,4.5,,,ANIMATION_RETINUE_INCANTATION_SAMURAI,,,,,,,,EFFECT_NEW_PET_DEAD,,5,,1,38,75,1,0,8,LOC_CHARACTERS_PET_BUNUS_HP_DESC,5,RARITY_TYPE_ORANGE,,16,-5.2,0,10,0,16,-5.2,0,10,0,TRUE,1,Fallback,0.55,1.5,0.55,2,SKINBATTLE_RETINUE_INCANTATION_SAMURAI,600#0#550,600#0#550,-600#0#-550,200#0#700,-900#0#-400,1000#0#-700,500#0#900,-800#0#0,1200#0#-200,-250#0#-1200
