_ID,_VALUE,Prefab:string,FileType:string,MaxInterval:float,MinInterval:float,MaxVolume:float,MinVolume:float,PreLoad:bool
SFX_SKILL_LAUNCH,1,RO_Final/UI/SFX_3019_Skill_Launch,wav,0,0,1,1,FALSE
SFX_BATTLE_START,2,RO_Final/UI/SFX_3016_Battle_Start,wav,0,0,1,1,FALSE
SFX_BATTLE_PREPARE_CHOOSE_CORPS,3,RO_Final/UI/SFX_3000_UI_Button_1,wav,0,0,1,1,FALSE
SFX_BATTLE_PREPARE_PUT_CORPS,4,RO_Final/UI/SFX_3021_BattlePrepare_Move_Monster,wav,0,0,1,1,FALSE
SFX_BATTLE_PREPARE_IN_CORPS,5,RO_Final/UI/SFX_3000_UI_Button_1,wav,0,0,0,0,FALSE
SFX_TABS,6,New/SFX_Tabs,wav,0,0,1,1,FALSE
SFX_SYSTEM_CAUTION,7,New/SFX_System_Caution,wav,0,0,1,1,FALSE
SFX_GET_ITEM,8,New/SFX_Get_Item,wav,0,0,1,1,FALSE
SFX_FEATHER_FALL,9,New/SFX_Feather_Fall,wav,0,0,1,1,FALSE
SFX_LANDING,10,New/SFX_Landing,wav,0,0,1,1,FALSE
SFX_HERO_LEVELUP,11,RO_Final/UI/SFX_3018_Monster_Level_Up,wav,0.2,0.2,0.7,0.7,FALSE
SFX_ITEM_EQUIPED,12,New/SFX_Item_Equiped,wav,0,0,1,1,FALSE
SFX_SPAR_EQUIPED,13,New/SFX_Spar_Equiped,wav,0,0,1,1,FALSE
SFX_CARD_FALL,14,New/SFX_Card_Fall,wav,0,0,1,1,FALSE
SFX_CARD_HERO_APPEAR,15,New/SFX_Card_Hero_Appear,wav,0,0,1,1,FALSE
SFX_SUPER_LUCKY,16,RO_Final/UI/SFX_3008_Get_Rewards,wav,0,0,1,1,FALSE
SFX_BUILDINGS_OPEN,17,New/SFX_Buildings_Open,wav,0,0,1,1,FALSE
SFX_BUILDINGS_UNLOCK,18,New/SFX_Buildings_Unlock,wav,0,0,1,1,FALSE
SFX_MAP_OPEN,19,RO_Final/UI/SFX_3012_Map_Open,wav,0,0,1,1,FALSE
SFX_MAP_CHANGE,20,New/SFX_Map_Change,wav,0,0,1,1,FALSE
SFX_BATTLE_DRAW_FINISH,21,New/SFX_Battle_Draw_Finish,wav,0,0,1,1,FALSE
SFX_MISSION_DISAPPEAR,22,New/SFX_Mission_Disappear,wav,0,0,1,1,FALSE
SFX_MISSION_APPEAR,23,New/SFX_Mission_Appear,wav,0,0,1,1,FALSE
SFX_GET_GOLD,24,RO_Final/UI/SFX_3003_Get_Gold,wav,0,0,1,1,FALSE
SFX_GET_SOUL,25,New/SFX_Get_Soul,wav,0,0,1,1,FALSE
SFX_GET_CRYSTAL,26,RO_Final/UI/SFX_3002_Get_Stone,wav,0,0,1,1,FALSE
SFX_REWARD,27,RO_Final/UI/SFX_3008_Get_Rewards,wav,0,0,1,1,FALSE
SFX_CORPS_BREAK,28,New/SFX_Corps_Break,wav,0,0,1,1,FALSE
SFX_HERO_EVOLVE,29,RO_Final/UI/SFX_3007_Evolve_Success,wav,0,0,1,1,FALSE
SFX_EQUIPMENT_LV_UP,30,New/SFX_Equipment_Lv_Up,wav,0,0,1,1,FALSE
SFX_EQUIPMENT_BREAK,31,New/SFX_Equipment_Break,wav,0,0,1,1,FALSE
SFX_EQUIPMENT_MASTER,32,New/SFX_Equipment_Master,wav,0,0,1,1,FALSE
SFX_BATTLE_WIN,33,RO_Final/UI/SFX_3005_Battle_Win,wav,0,0,1,1,FALSE
SFX_BATTLE_LOSE,34,RO_Final/UI/SFX_3006_Battle_Lose,wav,0,0,1,1,FALSE
SFX_NEW_FEATURE,35,New/SFX_New_Feature,wav,0,0,1,1,FALSE
SFX_PLAYER_LV_UP,36,New/SFX_Player_Lv_Up,wav,0,0,1,1,FALSE
SFX_NEW_HERO,37,New/SFX_New_Hero,wav,0,0,1,1,FALSE
SFX_SKILL_EARTHQUAKE,38,SFX_86_Skill_Earthquake,wav,0,0,1,1,FALSE
SFX_SKILL_LIGHTNING,39,New/SKILL_LIGHTNING,wav,0,0,1,1,FALSE
SFX_SKILL_TORNADO,40,New/SKILL_TORNADO,wav,0,0,1,1,FALSE
SFX_SKILL_FIRE_METEOR,41,New/SKILL_FIRE_METEOR,wav,0,0,1,1,FALSE
SFX_SKILL_RAIN_OF_ARROWS_1,42,New/SKILL_RAIN_OF_ARROWS_Part1,wav,0,0,0.7,0.7,FALSE
SFX_SKILL_RAIN_OF_ARROWS_2,43,New/SKILL_RAIN_OF_ARROWS_Part2,wav,0.15,0.1,0.8,0.8,FALSE
SFX_SKILL_POWER_OF_SOLEMN,44,New/SKILL_POWER_OF_SOLEMN,wav,0,0,1,1,FALSE
SFX_SKILL_THUNDER_STRIKE,45,New/SKILL_THUNDER_STRIKE_1,wav,0,0,1,1,FALSE
SFX_SKILL_POISON,46,New/SKILL_POISON,wav,0,0,1,1,FALSE
SFX_SKILL_ACUPUNCTURE,47,New/SKILL_ACUPUNCTURE,wav,0,0,1,1,FALSE
SFX_SKILL_TOUCH_OF_HOLY_SPIRTE,48,New/SKILL_TOUCH_OF_HOLY_SPIRTE,wav,0,0,1,1,FALSE
SFX_SKILL_MANA_SHIELD,49,New/SKILL_MANA_SHIELD,wav,0,0,1,1,FALSE
SFX_SKILL_RAGE_OF_TITAN,50,New/SKILL_RAGE_OF_TITAN,wav,0,0,1,1,FALSE
SFX_SKILL_COMMAND_TO_SHIELD,51,New/SKILL_COMMAND_TO_SHIELD,wav,0,0,1,1,FALSE
SFX_SKILL_CALL_THE_APPARITION,52,New/SKILL_CALL_THE_APPARITION,wav,0,0,1,1,FALSE
SFX_SKILL_SUPER_POWER,53,New/SKILL_SUPER_POWER,wav,0,0,1,1,FALSE
SFX_SKILL_ULTRA_CYCLONE,54,New/SKILL_ULTRA_CYCLONE,wav,0,0,1,1,FALSE
SFX_SKILL_CROSS_SLASH,55,New/SKILL_CROSS_SLASH,wav,0,0,1,1,FALSE
SFX_SKILL_STONE_BURST,56,New/SKILL_STONE_BURST,wav,0,0,1,1,FALSE
SFX_SKILL_BULLET_BARRAGE,57,New/SKILL_BULLET_BARRAGE,wav,0,0,1,1,FALSE
SFX_SKILL_MECH_CYCLONE,58,New/SKILL_MECH_CYCLONE,wav,0,0,1,1,FALSE
SFX_SKILL_BLADE_SPIN,59,New/SKILL_BLADE_SPIN,wav,0,0,1,1,FALSE
SFX_SKILL_ICE_BLAST,60,New/SKILL_ICE_BLAST,wav,0,0,1,1,FALSE
SFX_SKILL_RAGE_OF_EARTH,61,New/SKILL_RAGE_OF_EARTH,wav,0,0,1,1,FALSE
SFX_SKILL_FIRESTORM,62,New/SKILL_FIRESTORM,wav,0,0,1,1,FALSE
SFX_SKILL_BLOODTHIRSTY,63,New/SKILL_BLOODTHIRSTY,wav,0,0,1,1,FALSE
SFX_SKILL_RAGE_OF_DRAGON,64,New/SKILL_RAGE_OF_DRAGON,wav,0,0,1,1,FALSE
SFX_SKILL_WOLF_BLOODTHIRSTY,65,New/SKILL_WOLF_BLOODTHIRSTY,wav,0,0,1,1,FALSE
SFX_SKILL_SOUL_LINK,66,New/SKILL_SOUL_LINK,wav,0,0,1,1,FALSE
SFX_SKILL_POWER_OF_BARBARIAN,67,New/SKILL_POWER_OF_BARBARIAN,wav,0,0,1,1,FALSE
SFX_SKILL_HEALTH_RING,68,New/SKILL_HEALTH_RING,wav,0,0,1,1,FALSE
SFX_SKILL_LIGHT_OF_HILL,69,New/SKILL_LIGHT_OF_HILL,wav,0,0,1,1,FALSE
SFX_SKILL_SUPER_BOMB,70,New/SKILL_SUPER_BOMB,wav,0,0,1,1,FALSE
SFX_BOSS_DRAGON_ATTACK,71,New/SFX_Boss_Dragon_Attack_1,wav,0,0,1,1,FALSE
SFX_BOSS_DRAGON_SKILL_ATTACK,72,New/SFX_Boss_Dragon_Skill_Attack,wav,0,0,1,1,FALSE
SFX_BOSS_DRAGON_SKILL_ROAR,73,New/SFX_Boss_Dragon_Skill_Roar,wav,0,0,1,1,FALSE
SFX_BOSS_DRAGON_FLY,74,New/SFX_Boss_Dragon_Fly,wav,0,0,1,1,FALSE
SFX_BOSS_DRAGON_RUN,75,New/SFX_Boss_Dragon_Run,wav,0,0,1,1,FALSE
SFX_BOSS_BEAR_SKILL_ROAR,76,New/SFX_Boss_Bear_Skill_Roar,wav,0,0,1,1,FALSE
SFX_BOSS_DEAD,77,New/SFX_Boss_Dead,wav,0,0,1,1,FALSE
SFX_LITTLE_SUCCESS,78,SFX_68_Get_New,wav,0,0,1,1,FALSE
SFX_SPARBOX_OPEN,79,New/SFX_SparBox_Open,wav,0,0,1,1,FALSE
SFX_UNIT_UPGRADE,80,New/SFX_Unit_Upgrade,wav,0,0,1,1,FALSE
SFX_POWER_UP,81,New/SFX_Power_Up,wav,0,0,1,1,FALSE
SFX_FESTIVAL_GET_ITEM,82,New/SFX_Festival_Get_Item,wav,0,0,1,1,FALSE
SFX_ITEM_MOVE,83,New/SFX_Item_Move,wav,0,0,1,1,FALSE
SFX_SPAR_UPGRADE_FAILED,84,New/SFX_Spar_Upgrade_Failed,wav,0,0,1,1,FALSE
SFX_SPARBOX_OPEN_2,85,New/SFX_SparBox_Open_2,wav,0,0,1,1,FALSE
SFX_TAP_GOLD_MINE_SMALL,86,SFX_4_Tap_Gold_Mine,wav,0,0,1,1,FALSE
SFX_TAP_GOLD_MINE,87,SFX_2_Collect_Gold_Long,wav,0,0,1,1,FALSE
SFX_CLICK_NORMAL_BUTTON,88,RO_Final/UI/SFX_3000_UI_Button_1,wav,0,0,1,1,FALSE
SFX_GUILD_CRUSADE_BOX_DROP,89,New/SFX_TreasureBox_Drop,wav,0,0,1,1,FALSE
SFX_GUILD_CRUSADE_TAP_BOX,90,New/SFX_Get_Crystal,wav,0,0,1,1,FALSE
SFX_GUILD_CRUSADE_BOX_OPEN,91,New/SFX_TreasureBox_Open,wav,0,0,1,1,FALSE
SFX_GUILD_CRUSADE_BUFF,92,New/SFX_Buff,wav,0,0,1,1,FALSE
SFX_GUILD_CRUSADE_DEBUFF,93,New/SFX_DeBuff,wav,0,0,1,1,FALSE
SFX_GUILD_CRUSADE_ROLL_BUFF,94,New/SFX_Roll_Buff,wav,0,0,0.5,0.5,FALSE
SFX_GUILD_CRUSADE_ROLL_BUFF_SHORT,95,New/SFX_Roll_Buff_Short,wav,0,0,0.5,0.5,FALSE
SFX_SKILL_BURST_LIGHT,96,New/SFX_SKILL_BURST_LIGHT,wav,0,0,1,1,FALSE
SFX_SKILL_WIND_AXE,97,New/SFX_SKILL_WIND_AXE,wav,0,0,1,1,FALSE
SFX_SKILL_TORTOISE,98,New/SFX_SKILL_TORTOISE,wav,0,0,1,1,FALSE
SFX_SKILL_OCEAN_RUSH,99,New/SFX_SKILL_OCEAN_RUSH,wav,0,0,1,1,FALSE
SFX_SKILL_SOUL_SPLIT,100,New/SFX_Boss_Dragon_Run_L_1,wav,0,0,1,1,FALSE
SFX_FINGERSNAP,101,New/SFX_Fingersnap,wav,0,0,1,1,FALSE
SFX_SPAR_SUPERME_BOX_NORMAL_SPAR,102,New/SFX_Item_Move,wav,0,0,1,1,FALSE
SFX_SPAR_SUPERME_BOX_ORANGE_SPAR,103,New/SFX_Emblem_Refining_Success,wav,0,0,1,1,FALSE
SFX_OPEN_SUPERME_BOX,104,New/SFX_OpenSupermeBox,wav,0,0,1,1,FALSE
SFX_CHAIN_SKILL_COUNTERCURRENT_SAND,105,New/SFX_Chain_Skill_Countercurrent_Sand,wav,0,0,1,1,FALSE
SFX_CHAIN_SKILL_DEVIL_YOKE,106,New/SFX_Chain_Skill_Devil_Yoke,wav,0,0,1,1,FALSE
SFX_CHAIN_SKILL_DISTORTION_FIELD,107,New/SFX_Chain_Skill_Distortion_Field,wav,0,0,1,1,FALSE
SFX_CHAIN_SKILL_ELECTROMAGNETIC_HEAVY_ARTILLERY,108,New/SFX_Chain_Skill_Electromagnetic_Heavy_Artillery,wav,0,0,1,1,FALSE
SFX_CHAIN_SKILL_ELECTROMAGNETIC_HEAVY_ARTILLERY_PART1,109,New/SFX_Chain_Skill_Electromagnetic_Heavy_Artillery_Part1,wav,0,0,1,1,FALSE
SFX_CHAIN_SKILL_ELECTROMAGNETIC_HEAVY_ARTILLERY_PART2,110,New/SFX_Chain_Skill_Electromagnetic_Heavy_Artillery_Part2,wav,0,0,1,1,FALSE
SFX_CHAIN_SKILL_LIFE_PRAYER,111,New/SFX_Chain_Skill_Life_Prayer,wav,0,0,1,1,FALSE
SFX_CHAIN_SKILL_POWER_OF_BEAST,112,New/SFX_Chain_Skill_Power_Of_Beast,wav,0,0,1,1,FALSE
SFX_CHAIN_SKILL_SKY_WALL,113,New/SFX_Chain_Skill_Sky_Wall,wav,0,0,1,1,FALSE
SFX_CHAIN_SKILL_SNOW_STORM,114,New/SFX_Chain_Skill_Snow_Storm,wav,0,0,1,1,FALSE
SFX_CHAIN_SKILL_THUNDER_CLOUD_CRIT,115,New/SFX_Chain_Skill_Thunder_Cloud_Crit,wav,0,0,1,1,FALSE
SFX_ENTANGLEMENT_ANGER_MAX,116,New/SFX_Entanglement_Anger_Max,wav,0,0,1,1,FALSE
SFX_ENTANGLEMENT_CARD_EQUIP,117,New/SFX_Entanglement_Card_Equip,wav,0,0,1,1,FALSE
SFX_ENTANGLEMENT_CARD_LEVEL_UP,118,New/SFX_Entanglement_Card_Level_Up,wav,0,0,1,1,FALSE
SFX_ENTANGLEMENT_CARD_ROLL,119,New/SFX_Entanglement_Card_Roll,wav,0,0,1,1,FALSE
SFX_ENTANGLEMENT_CARD_UNLOAD,120,New/SFX_Entanglement_Card_Unload,wav,0,0,1,1,FALSE
SFX_ENTANGLEMENT_CARD_UNLOCK,121,New/SFX_Entanglement_Card_Unlock,wav,0,0,1,1,FALSE
SFX_ENTANGLEMENT_CHAINSKILL_DRAG,122,New/SFX_Entanglement_ChainSkill_Drag,wav,0,0,1,1,FALSE
SFX_ENTANGLEMENT_CHAINSKILL_RELEASE,123,New/SFX_Entanglement_ChainSkill_Release,wav,0,0,1,1,FALSE
SFX_SLOT_MACHINE,124,New/SFX_Slot_Machine,wav,0,0,1,1,FALSE
SFX_SLOT_MACHINE_ROLL,125,New/SFX_Slot_Machine_Roll,wav,0,0,1,1,FALSE
SFX_SLOT_MACHINE_STOP,126,New/SFX_Slot_Machine_Stop,wav,0,0,1,1,FALSE
SFX_ENTANGLEMENT_NEW_CHAIN_UNLOCK,127,New/SFX_Entanglement_New_Chain_Unlock,wav,0,0,1,1,FALSE
SFX_ENTANGLEMENT_INGAME_BUTTON_BREAK,128,New/SFX_Entanglement_Ingame_Button_Break,wav,0,0,1,1,FALSE
SFX_ENTANGLEMENT_INGAME_AYERS_CUTIN,129,New/SFX_Entanglement_Ingame_Ayers_Cutin,wav,0,0,1,1,FALSE
SFX_ENTANGLEMENT_INGAME_AYERS_EMBLEM,130,New/SFX_Entanglement_Ingame_Ayers_Emblem,wav,0,0,1,1,FALSE
SFX_SKYCHALLENGE_SHIP_FLY,131,New/SFX_SkyChallenge_Ship_Fly,wav,0,0,1,1,FALSE
SFX_TIME_LIMITED_LEVEL_BUILDING,132,New/SFX_Time_Limited_Level_Building,wav,0,0,1,1,FALSE
SFX_LEVEL_BUILDING,133,New/SFX_Level_Building,wav,0,0,1,1,FALSE
SFX_TOWER_RAISE_UP_FLAG,134,New/SFX_Tower_Raise_Up_Flag,wav,0,0,1,1,FALSE
SFX_CHAIN_SKILL_BOULDER_WARCRAFT,135,New/SFX_Chain_Skill_Boulder_Warcraft,wav,0,0,1,1,FALSE
SFX_CHAIN_SKILL_BOULDER_WARCRAFT_PART1,136,New/SFX_Chain_Skill_Boulder_Warcraft_Part1,wav,0,0,1,1,FALSE
SFX_CHAIN_SKILL_BOULDER_WARCRAFT_PART2,137,New/SFX_Chain_Skill_Boulder_Warcraft_Part2,wav,0,0,1,1,FALSE
SFX_CHAIN_SKILL_CRAZY_BOMBER_MAN,138,New/SFX_Chain_Skill_Crazy_Bomber_Man,wav,0,0,1,1,FALSE
SFX_ASTAROTH_FINAL_SKILL_SURROUND_PART1,139,New/SFX_ASTAROTH_FINAL_SKILL_SURROUND_Part1,wav,0,0,1,1,FALSE
SFX_ASTAROTH_FINAL_SKILL_SURROUND_PART2,140,New/SFX_ASTAROTH_FINAL_SKILL_SURROUND_Part2,wav,0,0,1,1,FALSE
SFX_ASTAROTH_FINAL_SKILL_BURST,141,New/SFX_ASTAROTH_FINAL_SKILL_BURST,wav,0,0,1,1,FALSE
SFX_SKILL_FIRE_BURST_RING,142,New/SFX_SKILL_FIRE_BURST_RING,wav,0,0,1,1,FALSE
SFX_ENERGY_COLLECT,143,SFX_104_Energy_Collect,wav,0,0,1,1,FALSE
SFX_TOWER_GROW_UP,144,New/SFX_Emblem_Refining_Success,wav,0,0,1,1,FALSE
SFX_TOWER_BUNKER_ATTCK,145,SFX_43_MK_Attack,wav,0,0,1,1,FALSE
SFX_RO_ENEMY_HIT_1,146,RO/enemy_hit1,wav,0.05,0.05,0.6,0.2,FALSE
SFX_RO_ENEMY_HIT_2,147,RO/enemy_hit2,wav,0.05,0.05,0.6,0.2,FALSE
SFX_RO_ENEMY_HIT_3,148,RO/enemy_hit3,wav,0.05,0.05,0.6,0.2,FALSE
SFX_RO_ENEMY_HIT_4,149,RO/enemy_hit4,wav,0.05,0.05,0.6,0.2,FALSE
SFX_1000_SKILL_SNOW_STORM,150,RO_Final/MonsterSkill/SFX_1000_Skill_Snow_Storm,wav,0,0,1,1,FALSE
SFX_1001_SKILL_FIRE_METOR,151,RO_Final/MonsterSkill/SFX_1001_Skill_Fire_Metor,wav,0,0,1,1,FALSE
SFX_1002_SKILL_KNIGHT_ATTACK,152,RO_Final/MonsterSkill/SFX_1002_Skill_Knight_Attack,wav,0,0,1,1,FALSE
SFX_1003_SKILL_AUTO_DEFENSE,153,RO_Final/MonsterSkill/SFX_1003_Skill_Auto_Defense,wav,0,0,1,1,FALSE
SFX_1004_SKILL_LIGHT_TWINKLE_PARADISE,154,RO_Final/MonsterSkill/SFX_1004_Skill_Light_Twinkle_Paradise,wav,0,0,1,1,FALSE
SFX_1005_SKILL_LEER_SHOOT,155,RO_Final/MonsterSkill/SFX_1005_Skill_Leer_Shoot,wav,0,0,1,1,FALSE
SFX_1006_SKILL_LEER_HIT,156,RO_Final/MonsterSkill/SFX_1006_Skill_Leer_Hit,wav,0,0,1,1,FALSE
SFX_1007_SKILL_BACK_STAB,157,RO_Final/MonsterSkill/SFX_1007_Skill_Back_Stab,wav,0,0,1,1,FALSE
SFX_1008_SKILL_CRACK,158,RO_Final/MonsterSkill/SFX_1008_Skill_Crack,wav,0,0,1,1,FALSE
SFX_1009_SKILL_GUARDIAN_ANGEL,159,RO_Final/MonsterSkill/SFX_1009_Skill_Guardian_Angel,wav,0.2,0.2,1,1,FALSE
SFX_1010_SKILL_LIGHT_COUNTER_GUARD,160,RO_Final/MonsterSkill/SFX_1010_Skill_Light_Counter_Guard,wav,0,0,1,1,FALSE
SFX_1010_SKILL_LIGHT_COUNTER_GUARD_BROKEN,161,RO_Final/MonsterSkill/SFX_1011_Skill_Light_Counter_Guard_Broken,wav,0,0,1,1,FALSE
SFX_1012_SKILL_DARKNESS_MOMENT,162,RO_Final/MonsterSkill/SFX_1012_Skill_Darkness_Moment,wav,0.5,0.5,1,1,FALSE
SFX_3010_BLACKSMITH,163,RO_Final/UI/SFX_3010_Blacksmith,wav,0,0,1,1,FALSE
SFX_3011_EQP_UPGRADE_SUCCESS,164,RO_Final/UI/SFX_3011_Eqp_Upgrade_Success,wav,0,0,1,1,FALSE
SFX_3013_FEED,165,RO_Final/UI/SFX_3013_Feed,wav,0,0,1,1,FALSE
SFX_3014_FRIENDSHIP_LV_UP,166,RO_Final/UI/SFX_3014_Friendship_Lv_Up,wav,0,0,1,1,FALSE
SFX_3004_CAMERA_MOVE,167,RO_Final/UI/SFX_3004_Camera_Move,wav,0,0,1,1,FALSE
SFX_1013_SKILL_SPEED_MOTIVATE,168,RO_Final/MonsterSkill/SFX_1013_Skill_Speed_Motivate,wav,0.2,0.2,1,1,FALSE
SFX_1014_SKILL_ACID_FLASK_THROW,169,RO_Final/MonsterSkill/SFX_1014_Skill_Acid_Flask_Throw_Explode,wav,0,0,1,1,FALSE
SFX_3017_DRAGSKILL_ENVIRONMENT,170,RO_Final/UI/SFX_3017_DragSkill_Environment,wav,0,0,1,1,FALSE
SFX_1015_SKILL_SACRIFICE,171,RO_Final/MonsterSkill/SFX_1015_Skill_Sacrifice,wav,0,0,1,1,FALSE
SFX_1016_SKILL_PROVOCATION,172,RO_Final/MonsterSkill/SFX_1016_Skill_Provocation,wav,0,0,1,1,FALSE
SFX_1018_SKILL_LIUHE_BOXING_1,173,RO_Final/MonsterSkill/SFX_1018_Skill_Liuhe_Boxing_1,wav,0,0,1,1,FALSE
SFX_1019_SKILL_LIUHE_BOXING_2,174,RO_Final/MonsterSkill/SFX_1019_Skill_Liuhe_Boxing_2,wav,0,0,1,1,FALSE
SFX_1020_SKILL_LIUHE_BOXING_3,175,RO_Final/MonsterSkill/SFX_1020_Skill_Liuhe_Boxing_3,wav,0,0,1,1,FALSE
SFX_1021_SKILL_FIRE_PILLAR_ATTACK,176,RO_Final/MonsterSkill/SFX_1021_Skill_Fire_Pillar_Attack,wav,0,0,1,1,FALSE
SFX_1022_SKILL_SPEAR_BOOMERANG_SHOOT,177,RO_Final/MonsterSkill/SFX_1022_Skill_Spear_Boomerang_Shoot,wav,0,0,1,1,FALSE
SFX_1023_SKILL_SPEAR_BOOMERANG_HIT,178,RO_Final/MonsterSkill/SFX_1023_Skill_Spear_Boomerang_Hit,wav,0,0,1,1,FALSE
SFX_1024_SKILL_DOUBLE_HANDS_PARRING,179,RO_Final/MonsterSkill/SFX_1024_Skill_Double_Hands_Parring,wav,0,0,1,1,FALSE
SFX_1025_SKILL_FIREBALL_SHOOT,180,RO_Final/MonsterSkill/SFX_1025_Skill_Fireball_Shoot,wav,0.1,0.1,1,1,FALSE
SFX_1026_SKILL_FIREBALL_HIT,181,RO_Final/MonsterSkill/SFX_1026_Skill_Fireball_Hit,wav,0.1,0.1,1,1,FALSE
SFX_1027_SKILL_DOUBLE_HANDS_PARRING_BEHIT,182,RO_Final/MonsterSkill/SFX_1027_Skill_Double_Hands_Parring_BeHit,wav,0.5,0.5,0.5,0.5,FALSE
SFX_3020_DRAW_LINE_TO_ENEMY,183,RO_Final/UI/SFX_3020_Draw_Line_To_Enemy,wav,0,0,1,1,FALSE
SFX_3023_NUMBER_UP,184,RO_Final/UI/SFX_3029_Roulette_Rotate,wav,0,0,1,1,FALSE
SFX_1028_SKILL_SOUL_DRAIN,185,RO_Final/MonsterSkill/SFX_1028_Skill_Soul_Drain,wav,0,0,1,1,FALSE
SFX_1029_SKILL_FORGET_ME_NOT,186,RO_Final/MonsterSkill/SFX_1029_Skill_Forget_Me_Not,wav,0,0,1,1,FALSE
SFX_1030_SKILL_FREEZE,187,RO_Final/MonsterSkill/SFX_1030_Skill_Freeze,wav,0,0,1,1,FALSE
SFX_1031_SKILL_SPIRIT_WEAK,188,RO_Final/MonsterSkill/SFX_1031_Skill_Spirit_Weak,wav,0,0,1,1,FALSE
SFX_1032_SKILL_EMERGENCY_TREAT,189,RO_Final/MonsterSkill/SFX_1032_Skill_Emergency_Treat,wav,0,0,1,1,FALSE
SFX_1033_SKILL_HEAL,190,RO_Final/MonsterSkill/SFX_1033_Skill_Heal,wav,0,0,1,1,FALSE
SFX_1034_SKILL_TREAT,191,RO_Final/MonsterSkill/SFX_1034_Skill_Treat,wav,0,0,1,1,FALSE
SFX_1035_SKILL_CHARGE_ARROW,192,RO_Final/MonsterSkill/SFX_1035_Skill_Charge_Arrow,wav,0,0,1,1,FALSE
SFX_1036_SKILL_MAGIC_DISPELL,193,RO_Final/MonsterSkill/SFX_1036_Skill_Magic_Dispell,wav,0,0,1,1,FALSE
SFX_5001_BAPHOMET_ATTACK,194,RO_Final/Battle/SFX_5001_Baphomet_Attack,wav,0,0,1,1,FALSE
SFX_2025_BAPHOMET_SKILL_CUTIN,195,RO_Final/CutScene/SFX_2025_Baphomet_Skill_Cutin,wav,0,0,1,1,FALSE
SFX_2026_BAPHOMET_JUMP_ATTACK,196,RO_Final/CutScene/SFX_2026_Baphomet_Jump_Attack,wav,0,0,1,1,FALSE
SFX_1037_SKILL_STOIC,197,RO_Final/MonsterSkill/SFX_1037_Skill_Stoic,wav,0,0,1,1,FALSE
SFX_1038_SKILL_WAR_DRUM,198,RO_Final/MonsterSkill/SFX_1038_Skill_War_Drum,wav,0,0,1,1,FALSE
SFX_1039_SKILL_GROUND_SLAM_EX,199,RO_Final/MonsterSkill/SFX_1039_Skill_Ground_Slam_Ex,wav,0,0,1,1,FALSE
SFX_1040_SKILL_WATERBALL_HIT,200,RO_Final/MonsterSkill/SFX_1040_Skill_Waterball_Hit,wav,0,0,1,1,FALSE
SFX_1041_SKILL_WATERBALL_BULLET,201,RO_Final/MonsterSkill/SFX_1041_Skill_Waterball_Bullet,wav,0,0,1,1,FALSE
SFX_1042_SKILL_GANBANTEIN,202,RO_Final/MonsterSkill/SFX_1042_Skill_Ganbantein,wav,0,0,1,1,FALSE
SFX_1043_SKILL_VENOM_DUST,203,RO_Final/MonsterSkill/SFX_1043_Skill_Venom_Dust,wav,0,0,1,1,FALSE
SFX_1044_SKILL_SHAUT_EX,204,RO_Final/MonsterSkill/SFX_1044_Skill_Shaut_Ex,wav,0,0,1,1,FALSE
SFX_1045_SKILL_ARROW_RAIN,205,RO_Final/MonsterSkill/SFX_1045_Skill_Arrow_Rain,wav,0,0,1,1,FALSE
SFX_1046_SKILL_DIE_HARD_ATTACK,206,RO_Final/MonsterSkill/SFX_1046_Skill_Die_Hard_Attack,wav,0,0,1,1,FALSE
SFX_1047_SKILL_FLAME_COUNTERGUARD,207,RO_Final/MonsterSkill/SFX_1047_Skill_Flame_Counterguard,wav,0,0,1,1,FALSE
SFX_1048_SKILL_MUD_FLAT,208,RO_Final/MonsterSkill/SFX_1048_Skill_Mud_Flat,wav,0,0,1,1,FALSE
SFX_1049_SKILL_BRUTAL_FIERCE_CATCH,209,RO_Final/MonsterSkill/SFX_1049_Skill_Brutal_Fierce_Catch,wav,0,0,1,1,FALSE
SFX_1050_SKILL_GRIM_TOOTH,210,RO_Final/MonsterSkill/SFX_1050_Skill_Grim_Tooth,wav,0,0,1,1,FALSE
SFX_1051_SKILL_STONE_THROW_THROW,211,RO_Final/MonsterSkill/SFX_1051_Skill_Stone_Throw_Throw,wav,0,0,0.5,0.5,FALSE
SFX_1052_SKILL_STONE_THROW_HIT,212,RO_Final/MonsterSkill/SFX_1052_Skill_Stone_Throw_Hit,wav,0,0,1,1,FALSE
SFX_1053_SKILL_SPIRIT_SHACK,213,RO_Final/MonsterSkill/SFX_1053_Skill_Spirit_Shack,wav,0,0,1,1,FALSE
SFX_1054_SKILL_SECOND_SWORD_COMBO,214,RO_Final/MonsterSkill/SFX_1054_Skill_Second_Sword_Combo,wav,0,0,1,1,FALSE
SFX_1055_SKILL_THUNDER_BOLT,215,RO_Final/MonsterSkill/SFX_1055_Skill_Thunder_Bolt,wav,0,0,1,1,FALSE
SFX_1056_SKILL_IMPOSITIO_MANUS,216,RO_Final/MonsterSkill/SFX_1056_Skill_Impositio_Manus,wav,0,0,1,1,FALSE
SFX_1057_SKILL_BERSERK_SPEAR,217,RO_Final/MonsterSkill/SFX_1057_Skill_Berserk_Spear,wav,0,0,1,1,FALSE
SFX_1058_SKILL_ANGER_BURST,218,RO_Final/MonsterSkill/SFX_1058_Skill_Anger_Burst,wav,0,0,1,1,FALSE
SFX_1059_SKILL_MAGIC_CRASHER,219,RO_Final/MonsterSkill/SFX_1059_Skill_Magic_Crasher,wav,0,0,1,1,FALSE
SFX_1060_SKILL_EARTH_SHOCK,220,RO_Final/MonsterSkill/SFX_1060_Skill_Earth_Shock,wav,0,0,1,1,FALSE
SFX_1061_SKILL_SONIC_BLOW,221,RO_Final/MonsterSkill/SFX_1061_Skill_Sonic_Blow,wav,0,0,1,1,FALSE
SFX_1062_SKILL_DOUBLE_STRAFING_BULLET,222,RO_Final/MonsterSkill/SFX_1062_Skill_Double_Strafing_Bullet,wav,0,0,1,1,FALSE
SFX_1063_SKILL_DOUBLE_STRAFING_HIT,223,RO_Final/MonsterSkill/SFX_1063_Skill_Double_Strafing_Hit,wav,0,0,1,1,FALSE
SFX_1064_SKILL_HEART_SHOCKWAVE,224,RO_Final/MonsterSkill/SFX_1064_Skill_Heart_Shockwave,wav,0,0,1,1,FALSE
SFX_1065_SKILL_SHAUT,225,RO_Final/MonsterSkill/SFX_1065_Skill_Shaut,wav,0,0,1,1,FALSE
SFX_1066_SKILL_CHARGE_ATTACK,226,RO_Final/MonsterSkill/SFX_1066_Skill_Charge_Attack,wav,0,0,1,1,FALSE
SFX_1067_SKILL_SHARP_SHOOTING,227,RO_Final/MonsterSkill/SFX_1067_Skill_Sharp_Shooting,wav,0,0,1,1,FALSE
SFX_1068_SKILL_SPEAR_THRUST,228,RO_Final/MonsterSkill/SFX_1068_Skill_Spear_Thrust,wav,0,0,1,1,FALSE
SFX_1069_SKILL_VENOM_KNIFE_BULLET,229,RO_Final/MonsterSkill/SFX_1069_Skill_Venom_Knife_Bullet,wav,0,0,1,1,FALSE
SFX_1070_SKILL_VENOM_KNIFE_HIT,230,RO_Final/MonsterSkill/SFX_1070_Skill_Venom_Knife_Hit,wav,0.6,0.6,1,1,FALSE
SFX_1071_SKILL_MIND_COMBO,231,RO_Final/MonsterSkill/SFX_1071_Skill_Mind_Combo,wav,0,0,1,1,FALSE
SFX_1072_SKILL_AURA_BLADE,232,RO_Final/MonsterSkill/SFX_1072_Skill_Aura_Blade,wav,0,0,1,1,FALSE
SFX_1073_SKILL_SOUL_STRIKE,233,RO_Final/MonsterSkill/SFX_1073_Skill_Soul_Strike,wav,0,0,1,1,FALSE
SFX_5002_MONSTER_CHARGE_HIT,234,RO_Final/Battle/SFX_5002_Monster_Charge_Hit,wav,0,0,1,1,FALSE
SFX_5003_MONSTER_CHARGE_START,235,RO_Final/Battle/SFX_5003_Monster_Charge_Start,wav,0,0,1,1,FALSE
SFX_5004_SKILL_READY,236,RO_Final/Battle/SFX_5004_Skill_Ready,wav,0.5,0.5,0.5,0.5,FALSE
SFX_3025_ENEMY_EXPLODE_GOLD,237,RO_Final/UI/SFX_3025_Enemy_Explode_Gold,wav,0,0,1,1,FALSE
SFX_3026_GOLD_FLY_UP,238,RO_Final/UI/SFX_3026_Gold_Fly_Up,wav,0,0,1,1,FALSE
SFX_5101_MAN_ATTACK_VOICE_1,239,RO_Final/Battle/SFX_5101_Man_Attack_Voice_1,wav,0,0,0.7,0.7,FALSE
SFX_5102_MAN_ATTACK_VOICE_2,240,RO_Final/Battle/SFX_5102_Man_Attack_Voice_2,wav,0,0,0.7,0.7,FALSE
SFX_5103_MAN_ATTACK_VOICE_3,241,RO_Final/Battle/SFX_5103_Man_Attack_Voice_3,wav,0,0,0.7,0.7,FALSE
SFX_5104_MAN_ATTACK_VOICE_4,242,RO_Final/Battle/SFX_5104_Man_Attack_Voice_4,wav,0,0,0.7,0.7,FALSE
SFX_5201_WOMAN_ATTACK_VOICE_1,243,RO_Final/Battle/SFX_5201_Woman_Attack_Voice_1,wav,0,0,0.7,0.7,FALSE
SFX_5202_WOMAN_ATTACK_VOICE_2,244,RO_Final/Battle/SFX_5202_Woman_Attack_Voice_2,wav,0,0,0.7,0.7,FALSE
SFX_5203_WOMAN_ATTACK_VOICE_3,245,RO_Final/Battle/SFX_5203_Woman_Attack_Voice_3,wav,0,0,0.7,0.7,FALSE
SFX_5204_WOMAN_ATTACK_VOICE_4,246,RO_Final/Battle/SFX_5204_Woman_Attack_Voice_4,wav,0,0,0.7,0.7,FALSE
SFX_5205_ORC_ATTACK_VOICE_1,247,RO_Final/Battle/SFX_5205_Orc_Attack_Voice_1,wav,0,0,0.5,0.5,FALSE
SFX_5206_ORC_ATTACK_VOICE_2,248,RO_Final/Battle/SFX_5206_Orc_Attack_Voice_2,wav,0,0,0.5,0.5,FALSE
SFX_5207_ORC_ATTACK_VOICE_3,249,RO_Final/Battle/SFX_5207_Orc_Attack_Voice_3,wav,0,0,0.5,0.5,FALSE
SFX_5208_ORC_ATTACK_VOICE_4,250,RO_Final/Battle/SFX_5208_Orc_Attack_Voice_4,wav,0,0,0.5,0.5,FALSE
SFX_1074_SKILL_MANDONNA_SONG,251,RO_Final/MonsterSkill/SFX_1074_Skill_Mandonna_Song,wav,0,0,1,1,FALSE
SFX_5005_AURA_ACTIVATE,252,RO_Final/Battle/SFX_5005_Aura_Activate,wav,1,1,1,1,FALSE
SFX_5006_BAPHOMET_ATTACK2,253,RO_Final/Battle/SFX_5006_Baphomet_Attack2,wav,0,0,1,1,FALSE
SFX_5007_BAPHOMET_FINAL_ATTACK,254,RO_Final/Battle/SFX_5007_Baphomet_Final_Attack,wav,0,0,1,1,FALSE
SFX_3027_EQUIP_ESSENSE,255,RO_Final/UI/SFX_3027_Equip_Essense,wav,0,0,1,1,FALSE
SFX_2007_PORING_JUMP,256,RO_Final/CutScene/SFX_2007_Poring_Jump,wav,0,0,1,1,FALSE
SFX_6001_PASSIVE_THUNDER_STORM,257,RO_Final/TriggerSkill/SFX_6001_Passive_Thunder_Storm,wav,0,0,1,1,FALSE
SFX_6003_PASSIVE_WALL_OF_FOG,258,RO_Final/TriggerSkill/SFX_6003_Passive_Wall_Of_Fog,wav,0,0,1,1,FALSE
SFX_6004_TALENT_DEATH_CONTRACT,259,RO_Final/TriggerSkill/SFX_6004_Talent_Death_Contract,wav,0.5,0.5,0.65,0.65,FALSE
SFX_6005_PASSIVE_ATTACKSPEED_UP,260,RO_Final/TriggerSkill/SFX_6005_Passive_Attackspeed_Up,wav,1,1,1,1,FALSE
SFX_6006_PASSIVE_SPIRAL_PIERCE,261,RO_Final/TriggerSkill/SFX_6006_Passive_Spiral_Pierce,wav,0,0,1,1,FALSE
SFX_6007_PASSIVE_FROSTSHOCKS,262,RO_Final/TriggerSkill/SFX_6007_Passive_Frostshocks,wav,0,0,1,1,FALSE
SFX_6008_PASSIVE_ICEARROW,263,RO_Final/TriggerSkill/SFX_6008_Passive_Icearrow,wav,0,0,1,1,FALSE
SFX_6002_TALENT_DARK_MOON,264,RO_Final/TriggerSkill/SFX_6002_Talent_Dark_Moon,wav,0,0,1,1,FALSE
SFX_6009_PETRIFICATION_HIT,265,RO_Final/TriggerSkill/SFX_6009_Petrification_Hit,wav,0,0,1,1,FALSE
SFX_6010_PASSIVE_WHOLE_BODY_PALM,266,RO_Final/TriggerSkill/SFX_6010_Passive_Whole_Body_Palm,wav,0,0,1,1,FALSE
SFX_3028_CP_UP,267,RO_Final/UI/SFX_3028_CP_Up,wav,0,0,1,1,FALSE
SFX_6011_PASSIVE_FALCONASSAULT,268,RO_Final/TriggerSkill/SFX_6011_Passive_Falconassault,wav,0,0,1,1,FALSE
SFX_5008_LONG_RANGE_UNIT_SHOOT,269,RO_Final/Battle/SFX_5008_Long_Range_Unit_Shoot,wav,0,0,1,1,FALSE
SFX_1075_SKILL_FALCONRY,270,RO_Final/MonsterSkill/SFX_1075_Skill_Falconry,wav,0,0,1,1,FALSE
SFX_5900_NORMAL_ATTACK_FIRE_BALL_BULLET,271,RO_Final/MonsterSkill/SFX_1025_Skill_Fireball_Shoot,wav,0.1,0.1,0.4,0.4,FALSE
SFX_5901_NORMAL_ATTACK_FIRE_BALL_HIT,272,RO_Final/MonsterSkill/SFX_1026_Skill_Fireball_Hit,wav,0.1,0.1,0.2,0.2,FALSE
SFX_3024_PET_EVOLVE_TINY_NODE_SUCCESS,273,RO_Final/UI/SFX_3024_Pet_Evolve_Tiny_Node_Success,wav,0,0,1,1,FALSE
SFX_3029_ROULETTE_ROTATE,274,RO_Final/UI/SFX_3029_Roulette_Rotate,wav,0,0,1,1,FALSE
SFX_6012_PASSIVE_RAGING_THRUST,275,RO_Final/TriggerSkill/SFX_6012_Passive_Raging_Thrust,wav,0,0,1,1,FALSE
SFX_3030_MEET_FIREND_MVP,276,RO_Final/UI/SFX_3030_Meet_Friend_MVP,wav,0,0,1,1,FALSE
SFX_3031_FRIEND_MVP_OPEN_TREASURE,277,RO_Final/UI/SFX_3031_Friend_MVP_Open_Treasure,wav,0,0,1,1,FALSE
SFX_3009_CHAPTER_CLEAR_REWARD,278,RO_Final/UI/SFX_3009_Get_New_Monster,wav,0,0,1,1,FALSE
SFX_5009_UNIT_DIE_EFFECT,279,RO_Final/Battle/SFX_5009_Unit_Die_Effect,wav,0.3,0.3,0.7,0.4,FALSE
SFX_3032_PUT_IN_TEAM,280,RO_Final/UI/SFX_3032_Put_In_Team,wav,0,0,1,1,FALSE
SFX_3033_OPEN_GEM_BOX_COMMON,281,RO_Final/UI/SFX_3033_Open_Gem_Box_Common,wav,0,0,1,1,FALSE
SFX_3034_OPEN_GEM_BOX_LEGENDARY,282,RO_Final/UI/SFX_3034_Open_Gem_Box_Legendary,wav,0,0,1,1,FALSE
SFX_3035_OPEN_PREMIUM_CHEST,283,RO_Final/UI/SFX_3035_Open_Premium_Chest,wav,0,0,1,1,FALSE
SFX_3036_GET_SUMMONER_HEART,284,RO_Final/UI/SFX_3036_Get_Summoner_Heart,wav,0,0,1,1,FALSE
SFX_3037_TREASURE_BOX_DROP,285,RO_Final/UI/SFX_3037_Treasure_Box_Drop,wav,0,0,1,1,FALSE
SFX_3040_ARTIFACT_UPGRADE,286,RO_Final/UI/SFX_3040_Artifact_Upgrade,wav,0,0,1,1,FALSE
SFX_3041_ARTIFACT_UNLOCK,287,RO_Final/UI/SFX_3041_Artifact_Unlock,wav,0,0,1,1,FALSE
SFX_ARTIFACT_CLICK,288,RO_Final/UI/SFX_3000_UI_Button_1,wav,0,0,2,2,FALSE
SFX_1076_SKILL_ARTIFACT_MJOLNIR,289,RO_Final/MonsterSkill/SFX_1076_Skill_Artifact_Mjolnir,wav,0,0,1,1,FALSE
SFX_1077_SKILL_ARTIFACT_HELMOFSUN_LIGHT,290,RO_Final/MonsterSkill/SFX_1077_Skill_Artifact_Helmofsun_Light,wav,0,0,1,1,FALSE
SFX_1078_SKILL_ARTIFACT_MAGINGIORDE_EFFECT,291,RO_Final/MonsterSkill/SFX_1078_Skill_Artifact_Magingiorde_Effect,wav,0,0,1,1,FALSE
SFX_1079_SKILL_ARTIFACT_BRYSINGGAME_EFFECT,292,RO_Final/MonsterSkill/SFX_1079_Skill_Artifact_Brysinggame_Effect,wav,0,0,1,1,FALSE
SFX_1080_SKILL_BLOOD_BURST,293,RO_Final/MonsterSkill/SFX_1080_Skill_Blood_Burst,wav,0.5,0.5,1,1,FALSE
SFX_1081_SKILL_BLOOC_BURST_EXTRA_DMG,294,RO_Final/MonsterSkill/SFX_1081_Skill_Blood_Burst_Extra_DMG,wav,0.5,0.5,1,1,FALSE
SFX_1082_SKILL_BAPTISMB,295,RO_Final/MonsterSkill/SFX_1082_Skill_Baptismb,wav,0.5,0.5,1,1,FALSE
SFX_SKIN_SCROLL_SELECT,296,RO_Final/UI/SFX_3000_UI_Button_1,wav,0,0,2,2,FALSE
SFX_3042_Battle_N_Start,297,RO_Final/UI/SFX_3042_Battle_N_Start,wav,0,0,1,1,FALSE
SFX_3018_MONSTER_LEVEL_UP,298,RO_Final/UI/SFX_3018_Monster_Level_Up,wav,0,0,1,1,FALSE
SFX_1084_SKILL_DISPEL,299,RO_Final/MonsterSkill/SFX_1084_Skill_Dispel,wav,0.2,0.2,1,1,FALSE
SFX_6013_TALENT_THOUSAND_YEARS_OF_LOVE,300,RO_Final/TriggerSkill/SFX_6013_Passive_Thousand_Years_Of_Love,wav,0.2,0.2,1,1,FALSE
SFX_1085_SKILL_FLOODING_OF_JINSHAN,301,RO_Final/MonsterSkill/SFX_1085_Skill_Flooding_Of_Jinshan,wav,0.2,0.2,1,1,FALSE
SFX_HAWAII_BULLET_SHOT,302,RO_Final/Battle/SFX_5008_Long_Range_Unit_Shoot,wav,0.2,0.2,1,1,FALSE
SFX_HAWAII_BULLET_HIT,303,RO_Final/Battle/SFX_5010_Fruit_Hit,wav,0.2,0.2,1,1,FALSE
SFX_HAWAII_BULLET_SHOT_2,304,RO_Final/Battle/SFX_5008_Long_Range_Unit_Shoot,wav,0.2,0.2,1,1,FALSE
SFX_HAWAII_BULLET_HIT_2,305,RO_Final/TriggerSkill/SFX_6014_Passive_Annihilation_DarkLord_SummerSkin,wav,0.2,0.2,1,1,FALSE
SFX_HAWAII_SKILL,306,RO_Final/MonsterSkill/SFX_1086_Skill_Fire_Metor_DarkLord_SummerSkin,wav,0.2,0.2,1,1,FALSE
SFX_DUNGEON_PORING_FLY,307,RO_Final/CutScene/SFX_2029_Eddga_Jump,wav,0,0,1,1,FALSE
SFX_DUNGEON_DRAGON_BALL_IN,308,RO_Final/UI/SFX_3024_Pet_Evolve_Tiny_Node_Success,wav,0,0,1,1,FALSE
SFX_DUNGEON_DRAGON_BALL_ACTIVE,309,RO_Final/UI/SFX_3009_Get_New_Monster,wav,0,0,1,1,FALSE
SFX_DUNGEON_OPEN_GROUND,310,RO_Final/UI/SFX_3049_Ocean_Dungeon_OpenSpot,wav,0,0,1,1,FALSE
SFX_DUNGEON_ITEM_HP_S,311,RO_Final/MonsterSkill/SFX_1034_Skill_Treat,wav,0,0,1,1,FALSE
SFX_DUNGEON_ITEM_HP_M,312,RO_Final/MonsterSkill/SFX_1009_Skill_Guardian_Angel,wav,0,0,1,1,FALSE
SFX_DUNGEON_ITEM_HP_L,313,RO_Final/MonsterSkill/SFX_1033_Skill_Heal,wav,0,0,1,1,FALSE
SFX_DUNGEON_ITEM_SP,314,RO_Final/MonsterSkill/SFX_1013_Skill_Speed_Motivate,wav,0,0,1,1,FALSE
SFX_DUNGEON_ITEM_PURI,315,RO_Final/MonsterSkill/SFX_1032_Skill_Emergency_Treat,wav,0,0,1,1,FALSE
SFX_DUNGEON_ITEM_GROUND_STONE,316,RO_Final/UI/SFX_3048_Ocean_Dungeon_Earthquake,wav,0,0,1,1,FALSE
SFX_DUNGEON_ITEM_SEAL_SCROLL,317,RO_Final/UI/SFX_3045_Ocean_Dungeon_Seal_Scroll,wav,0,0,1,1,FALSE
SFX_DUNGEON_ITEM_ESSENCE_OF_FIRE,318,RO_Final/MonsterSkill/SFX_1039_Skill_Ground_Slam_Ex,wav,0,0,1,1,FALSE
SFX_DUNGEON_ITEM_LEAF_OF_YGGDRASIL,319,RO_Final/MonsterSkill/SFX_1004_Skill_Light_Twinkle_Paradise,wav,0,0,1,1,FALSE
SFX_DUNGEON_ITEM_UPG_DAGGER,320,RO_Final/MonsterSkill/SFX_1010_Skill_Light_Counter_Guard,wav,0,0,1,1,FALSE
SFX_DUNGEON_ITEM_LACRYMA_STICK,321,RO_Final/MonsterSkill/SFX_1010_Skill_Light_Counter_Guard,wav,0,0,1,1,FALSE
SFX_DUNGEON_ITEM_VALKYRIE_ARMOR,322,RO_Final/MonsterSkill/SFX_1010_Skill_Light_Counter_Guard,wav,0,0,1,1,FALSE
SFX_DUNGEON_ITEM_EX_DEF_POTION,323,RO_Final/MonsterSkill/SFX_1010_Skill_Light_Counter_Guard,wav,0,0,1,1,FALSE
SFX_DUNGEON_ITEM_HIGH_PURITY_ENERGY_XTAL,324,RO_Final/UI/SFX_3046_Ocean_Dungeon_High_Purity_Energy,wav,0,0,1,1,FALSE
SFX_DUNGEON_ITEM_ELEMENTAL_SWORD,325,RO_Final/UI/SFX_3047_Ocean_Dungeon_Elemental_Sword,wav,0,0,1,1,FALSE
SFX_DUNGEON_ITEM_POISON_BOTTLE,326,RO_Final/MonsterSkill/SFX_1053_Skill_Spirit_Shack,wav,0,0,1,1,FALSE
SFX_HEART_SHOCKWAVE_BULLET_SKIN,327,RO_Final/Battle/SFX_1087_Skill_Heart_Shockwave_Eremes_NinjaSkin,wav,0.2,0.2,1,1,FALSE
SFX_ENEMY_HIT_WIND2,328,RO/enemy_hit_wind2,wav,0.2,0.2,1,1,FALSE
SFX_PASSIVE_MINI_NUKE,329,RO_Final/TriggerSkill/SFX_6015_Passive_Mini_Nuke,wav,0.2,0.2,1,1,FALSE
SFX_GAIA_ARTILLERY,330,RO_Final/MonsterSkill/SFX_1087_Skill_Gaia_Artillery,wav,0.2,0.2,1,1,FALSE
SFX_3051_EVENT_GRID_EMPTY,331,RO_Final/UI/SFX_3051_Event_Grid_Empty,wav,0,0,1,1,FALSE
SFX_DICE_FINISH,332,RO_Final/UI/SFX_3044_Ocean_Dungeon_Clear,wav,0,0,1,1,FALSE
SFX_3052_EVENT_CANNON_SHOOT,333,RO_Final/UI/SFX_3052_Event_Cannon_Shoot,wav,0,0,1,1,FALSE
SFX_3052_EVENT_CANNON_SHOOT_5,334,RO_Final/UI/SFX_3053_Event_Cannon_Shoot_5,wav,0,0,1,1,FALSE
SFX_1088_SKILL_GRAVEL_BREATH,335,RO_Final/MonsterSkill/SFX_1088_Skill_GravelBreath,wav,0,0,1,1,FALSE
SFX_1089_SKILL_INCARNATE_SANDSTORM,336,RO_Final/MonsterSkill/SFX_1089_Skill_IncarnateSandstorm,wav,0,0,1,1,FALSE
SFX_1090_SKILL_CURSED_SHIELD,337,RO_Final/MonsterSkill/SFX_1090_Skill_CursedShield,wav,0,0,1,1,FALSE
SFX_1091_SKILL_BANANAFULLENERGY,338,RO_Final/MonsterSkill/SFX_1091_Skill_BananaFullEnergy,wav,0,0,1,1,FALSE
SFX_5011_NORMALHIT_BUBBLE_EXPLOBE,339,RO_Final/Battle/SFX_5011_NormalHit_Bubble_Explode,wav,0,0,0.5,0.5,FALSE
SFX_5012_NORMALHIT_LIGHT,340,RO_Final/Battle/SFX_5012_NormalHit_Light,wav,0,0,1,1,FALSE
SFX_6016_PASSIVE_DEATHREALM,341,RO_Final/TriggerSkill/SFX_6016_Passive_DeathRealm,wav,0,0,1,1,FALSE
SFX_6017_TALENT_INSPIRING_VOICE,342,RO_Final/TriggerSkill/SFX_6017_Talent_MotivationalVoice_Continued,wav,0,0,1,1,FALSE
SFX_6018_CLOWN_ALPHOCCIO_BOMB_HIT,343,RO_Final/TriggerSkill/SFX_6018_Passive_SmokeBomb_Explode,wav,0,0,1,1,FALSE
SFX_6019_PASSIVE_GUARDIAN_VOICE,344,RO_Final/TriggerSkill/SFX_6019_Passive_GuardianVoice,wav,0,0,1,1,FALSE
SFX_1092_SKILL_ADAPTABILITY,345,RO_Final/MonsterSkill/SFX_1092_Skill_Strain,wav,0,0,1,1,FALSE
SFX_1010_TALENT_INSPIRING_VOICE_START,346,RO_Final/MonsterSkill/SFX_1010_Skill_Light_Counter_Guard,wav,0,0,0.1,0.1,FALSE
SFX_3054_EVENT_CARD_FLIP,347,RO_Final/UI/SFX_3054_Event_Card_Flip,wav,0,0,1,1,FALSE
SFX_3055_OCEAN_DUNGEON_LCECONE,348,RO_Final/UI/SFX_3055_Ocean_Dungeon_Icecone,wav,0,0,1,1,FALSE
SFX_3056_OCEAN_DUNGEON_SNOWATTACK,349,RO_Final/UI/SFX_3056_Ocean_Dungeon_SnowAttack,wav,0,0,1,1,FALSE
SFX_GYPSY_TRENTINI_WINKATTACK_HIT,350,RO_Final/MonsterSkill/SFX_1010_Skill_Light_Counter_Guard,wav,0,0,1,1,FALSE
SFX_GYPSY_TRENTINI_WHIPDANCE,351,RO_Final/MonsterSkill/SFX_1093_Skill_Trentini_WhipDance,wav,0,0,1,1,FALSE
SFX_GYPSY_TRENTINI_DANCE_OF_BLESSING_START,352,RO_Final/TriggerSkill/SFX_6020_Passive_DanceOfBlessing,wav,0,0,1,1,FALSE
SFX_GYPSY_TRENTINI_DANCE_OF_BLESSING,353,RO_Final/TriggerSkill/SFX_6013_Passive_Thousand_Years_Of_Love,wav,0.2,0.2,1,1,FALSE
SFX_EFFECT_MAZE_GARM_ICICLE,354,RO_Final/UI/SFX_3057_Ocean_Dungeon_Icecone_DropBlast,wav,0,0,1,1,FALSE
SFX_EFFECT_MAZE_GARM_SNOWSTORM,355,RO_Final/MonsterSkill/SFX_1000_Skill_Snow_Storm,wav,0,0,1,1,FALSE
SFX_EFFECT_MAZE_GARM_ICE_SPIKE_1,356,RO_Final/UI/SFX_3055_Ocean_Dungeon_Icecone,wav,0,0,1,1,FALSE
SFX_EFFECT_MAZE_GARM_ICE_EXPLOSION,357,RO_Final/UI/SFX_3059_Ocean_Dungeon_Garm_Explosion,wav,0,0,0.5,0.5,FALSE
SFX_EFFECT_MAZE_GARM_ICE_EXPLOSION_BOOM,358,RO_Final/UI/SFX_3058_Ocean_Dungeon_Garm_Explosion_Hit,wav,0,0,0.5,0.5,FALSE
SFX_HARWARD_SKILL_MAMMONITE,359,RO_Final/MonsterSkill/SFX_1088_Skill_GravelBreath,wav,0,0,1,1,FALSE
SFX_HARWARD_PASSIVE_ADVANCED_ADRENALINE_RUSH,360,RO_Final/MonsterSkill/SFX_1013_Skill_Speed_Motivate,wav,0.2,0.2,1,1,FALSE
SFX_HARWARD_PASSIVE_HIGH_SPEED_CART_RAM,361,RO_Final/TriggerSkill/SFX_6021_Passive_HighSpeedCartRam,wav,0,0,1,1,FALSE
SFX_HARWARD_PUNK_SKILL_MAMMONITE,362,RO_Final/MonsterSkill/SFX_1094_Skill_Mammonite_Skin_Music,wav,0,0,1,1,FALSE
SFX_HARWARD_PUNK_PASSIVE_ADVANCED_ADRENALINE_RUSH,363,RO_Final/MonsterSkill/SFX_1013_Skill_Speed_Motivate,wav,0.2,0.2,1,1,FALSE
SFX_HARWARD_PUNK_PASSIVE_HIGH_SPEED_CART_RAM,364,RO_Final/TriggerSkill/SFX_6021_Passive_HighSpeedCartRam,wav,1,1,1,1,FALSE
SFX_PHARAOH_SKILL_AVATAR,365,RO_Final/MonsterSkill/SFX_1094_Skill_Avatar,wav,0,0,1,1,FALSE
SFX_PHARAOH_PASSIVE_SPIRIT_DEATH_CLAW,366,RO_Final/CutScene/SFX_2003_Xiu_2,wav,0,0,1,1,FALSE
SFX_PHARAOH_PASSIVE_CURSE_OF_SOULS_HIT,367,RO_Final/MonsterSkill/SFX_1070_Skill_Venom_Knife_Hit,wav,0.6,0.6,1,1,FALSE
SFX_BOSS_TANEE_BULLET,368,RO_Final/UI/SFX_3000_UI_Button_1,wav,0,0,1,1,FALSE
SFX_BOSS_TANEE_ULTRA_BANANA,369,RO_Final/MonsterSkill/SFX_1095_Skill_Boss_Tanee_UltimateBanana,wav,0,0,1,1,FALSE
SFX_BOSS_TANEE_RANDOM_SKILL,370,RO_Final/MonsterSkill/SFX_1096_Skill_Boss_Tanee_Random_Banana,wav,0.2,0.2,1,1,FALSE
SFX_CHEN_SKILL_GUILLOTINE_FIST_PREPARE,371,RO_Final/MonsterSkill/SFX_1097_Skill_Chen_AsuraBaHuangFist_Fist,wav,0,0,1,1,FALSE
SFX_CHEN_SKILL_GUILLOTINE_FIST_WORD,372,RO_Final/MonsterSkill/SFX_1098_Skill_Chen_AsuraBaHuangFist_Word,wav,0,0,1,1,FALSE
SFX_CHEN_PASSIVE_CHAINCRUSHCOMBO,373,RO_Final/MonsterSkill/SFX_1099_Skill_Chen_VigorousBurst,wav,0,0,1,1,FALSE
SFX_CHEN_SKILL_GUILLOTINE_FIST,374,RO_Final/MonsterSkill/SFX_1100_Skill_Chen_AsuraBaHuangFist,wav,0,0,1,1,FALSE
SFX_STALKER_GERTIE_SKILL_FULL_DIVESTMENT,375,RO_Final/MonsterSkill/SFX_1101_Skill_Stalker_Gertie_ClearAll,wav,0,0,1,1,FALSE
SFX_STALKER_GERTIE_TALENT_COUNTER_INSTINCT,376,RO_Final/MonsterSkill/SFX_1072_Skill_Aura_Blade,wav,0,0,1,1,FALSE
SFX_STALKER_GERTIE_PASSIVE_EMERGENCY_ESCAPE_BULLET,377,RO_Final/MonsterSkill/SFX_1069_Skill_Venom_Knife_Bullet,wav,0,0,1,1,FALSE
SFX_STALKER_GERTIE_PASSIVE_EMERGENCY_ESCAPE,378,RO_Final/MonsterSkill/SFX_1070_Skill_Venom_Knife_Hit,wav,0.6,0.6,1,1,FALSE
SFX_STALKER_GERTIE_PASSIVE_FULL_THROTTLE,379,RO_Final/MonsterSkill/SFX_1013_Skill_Speed_Motivate,wav,0.2,0.2,1,1,FALSE
SFX_LEAK_EFFECT_LEAK_SKILL_BULLET,380,RO_Final/MonsterSkill/SFX_1064_Skill_Heart_Shockwave,wav,0.2,0.2,1,1,FALSE
SFX_LEAK_EFFECT_LEAK_SKILL_HIT,381,RO_Final/MonsterSkill/SFX_1066_Skill_Charge_Attack,wav,0,0,1,1,FALSE
SFX_LEAK_EFFECT_LEAK_PASSIVE_DEATH_STICK,382,RO_Final/MonsterSkill/SFX_1065_Skill_Shaut,wav,0,0,1,1,FALSE
SFX_PYURIEL_SKILL_FULL_ATTACK,383,RO_Final/MonsterSkill/SFX_1102_Skill_Pyuriel_FeverishOffense,wav,0,0,1,1,FALSE
SFX_PYURIEL_PASSIVE_SWEEPING_FLAMES,384,RO_Final/TriggerSkill/SFX_6021_Passive_Pyuriel_SweepingFlames,wav,0,0,1,1,FALSE
SFX_ANNIVERSARY_PORING_SKILL_CRAZY_PARTY,385,RO_Final/MonsterSkill/SFX_1103_Skill_Poli_RaveParty,wav,0,0,1,1,FALSE
SFX_ANNIVERSARY_PORING_PASSIVE_CRISP_BISCUIT,386,RO_Final/MonsterSkill/SFX_1033_Skill_Heal,wav,0,0,1,1,FALSE
SFX_ANNIVERSARY_PORING_PASSIVE_CRISP_BISCUIT_BIG,387,RO_Final/TriggerSkill/SFX_6023_Passive_Poli_CrispyBiscuits_Big,wav,0,0,1,1,FALSE
